title,BA_1,BA_2,CB_1,CB_2,AC_1,AC_2,Y
no_act/input_noactivity_2(0),2.171,1.912,6.639,6.533,6.686,6.343,0
no_act/input_noactivity_2(1),2.081,1.925,6.826,6.293,6.777,6.218,0
no_act/input_noactivity_2(2),2.046,1.823,6.464,5.955,6.397,6.044,0
no_act/input_noactivity_2(3),1.957,1.82,6.847,5.989,6.859,6.065,0
no_act/input_noactivity_2(4),1.937,1.82,6.922,6.522,6.834,6.422,0
no_act/input_noactivity_2(5),2.103,1.963,6.762,6.632,6.837,6.377,0
no_act/input_noactivity_2(6),2.168,1.989,6.877,6.323,6.825,6.208,0
no_act/input_noactivity_2(7),2.031,1.828,6.61,6.36,6.606,6.174,0
no_act/input_noactivity_2(8),2.142,1.847,6.766,6.516,6.658,6.561,0
no_act/input_noactivity_2(9),2.109,1.96,6.75,6.349,6.636,6.302,0
no_act/input_noactivity_2(10),2.053,1.828,6.755,6.155,6.705,6.18,0
no_act/input_noactivity_2(11),1.968,1.788,6.96,5.848,7.113,5.952,0
no_act/input_noactivity_2(12),2.082,1.978,6.7,6.312,6.799,6.357,0
no_act/input_noactivity_2(13),2.311,2.06,7.216,6.435,7.16,6.384,0
no_act/input_noactivity_2(14),2.167,1.93,6.67,6.433,6.646,6.368,0
no_act/input_noactivity_2(15),2.09,1.945,6.744,5.819,6.837,5.766,0
no_act/input_noactivity_2(16),2.208,1.92,6.535,6.351,6.701,6.308,0
no_act/input_noactivity_2(17),2.266,2.107,6.979,6.365,6.976,6.353,0
no_act/input_noactivity_2(18),2.112,2.001,6.701,6.202,6.627,6.245,0
no_act/input_noactivity_2(19),2.021,1.899,6.922,6.095,6.984,5.975,0
no_act/input_noactivity_2(20),2.025,1.978,7.447,6.064,7.41,6.151,0
no_act/input_noactivity_2(21),1.855,1.792,7.027,6.437,7.049,6.586,0
no_act/input_noactivity_2(22),2.009,1.83,6.839,5.957,6.937,5.815,0
no_act/input_noactivity_2(23),2.064,1.982,6.951,5.647,7.041,5.561,0
no_act/input_noactivity_2(24),2.07,1.953,6.53,6.281,6.737,6.2,0
no_act/input_noactivity_2(25),2.011,1.95,7.183,6.373,7.264,6.286,0
no_act/input_noactivity_2(26),2.18,1.932,6.971,6.278,6.995,6.12,0
no_act/input_noactivity_2(27),2.21,1.9,6.846,5.939,6.812,5.947,0
no_act/input_noactivity_2(28),2.19,2.011,7.315,6.131,7.206,6.135,0
no_act/input_noactivity_2(29),2.155,1.941,7.196,6.22,7.087,6.119,0
no_act/input_noactivity_2(30),2.027,1.804,7.002,6.072,7.011,5.92,0
no_act/input_noactivity_2(31),1.89,1.811,7.073,6.415,6.969,6.356,0
no_act/input_noactivity_2(32),1.911,1.763,7.289,6.739,7.314,6.625,0
no_act/input_noactivity_2(33),2.113,1.898,7.125,6.453,7.163,6.52,0
no_act/input_noactivity_2(34),2.087,1.96,6.991,6.089,6.921,6.03,0
no_act/input_noactivity_2(35),2.116,1.905,6.636,6.145,6.675,5.917,0
no_act/input_noactivity_2(36),2.132,1.849,6.551,5.811,6.542,5.878,0
no_act/input_noactivity_2(37),2.14,2.032,6.549,5.904,6.513,6.117,0
no_act/input_noactivity_2(38),2.156,1.959,6.469,6.185,6.464,6.242,0
no_act/input_noactivity_2(39),2.113,1.907,6.738,6.143,6.696,6.144,0
no_act/input_noactivity_2(40),2.077,1.872,6.778,6.078,6.755,6.078,0
no_act/input_noactivity_2(41),2.033,1.806,6.505,6.007,6.437,5.911,0
no_act/input_noactivity_2(42),1.889,1.812,6.714,6.064,6.552,6.07,0
no_act/input_noactivity_2(43),1.877,1.696,7.099,6.504,7.065,6.529,0
no_act/input_noactivity_2(44),2.016,1.881,6.499,5.949,6.411,6.063,0
no_act/input_noactivity_2(45),2.002,1.944,6.727,5.901,6.552,6.032,0
no_act/input_noactivity_2(46),2.172,1.977,7.043,6.357,6.933,6.471,0
no_act/input_noactivity_2(47),2.056,1.858,6.869,6.322,7.121,6.234,0
no_act/input_noactivity_2(48),2.067,1.912,7.328,6.348,7.3,6.337,0
no_act/input_noactivity_2(49),2.177,1.999,6.974,6.545,6.895,6.487,0
no_act/input_noactivity_2(50),2.135,1.974,6.737,6.123,6.582,6.005,0
no_act/input_noactivity_2(51),2.111,1.847,7.205,5.939,7.036,5.887,0
no_act/input_noactivity_2(52),1.859,1.802,7.031,6.283,6.972,6.254,0
no_act/input_noactivity_2(53),2.044,1.724,7.152,5.814,7.218,5.654,0
no_act/input_noactivity_2(54),2.003,1.706,6.939,6.179,6.858,6.129,0
no_act/input_noactivity_2(55),2.016,1.81,7.212,5.855,7.087,5.876,0
no_act/input_noactivity_2(56),2.091,1.901,7.205,6.224,7.172,6.365,0
no_act/input_noactivity_2(57),2.073,2.066,7.155,6.548,7.242,6.444,0
no_act/input_noactivity_2(58),2.236,2.032,7.048,6.173,7.146,6.067,0
no_act/input_noactivity_2(59),2.272,1.953,6.729,6.127,6.833,6.137,0
no_act/input_noactivity_2(60),2.003,1.944,6.437,6.365,6.502,6.292,0
no_act/input_noactivity_2(61),2.156,1.898,6.738,6.212,6.649,6.049,0
no_act/input_noactivity_2(62),2.143,1.904,6.879,6.362,6.815,6.174,0
no_act/input_noactivity_2(63),1.901,1.773,6.956,6.158,6.858,6.157,0
no_act/input_noactivity_2(64),1.845,1.728,6.697,5.964,6.536,6.036,0
no_act/input_noactivity_2(65),1.864,1.772,6.838,6.062,6.586,6.247,0
no_act/input_noactivity_2(66),2.056,1.963,6.78,5.963,6.904,5.827,0
no_act/input_noactivity_2(67),2.195,2.072,7.017,6.434,6.953,6.247,0
no_act/input_noactivity_2(68),2.225,2.19,6.84,6.231,6.904,6.005,0
no_act/input_noactivity_2(69),2.098,1.945,6.73,6.133,6.921,5.857,0
no_act/input_noactivity_2(70),2.167,1.922,7.353,5.847,7.316,5.756,0
no_act/input_noactivity_2(71),2.021,1.854,7.086,5.922,6.889,5.92,0
no_act/input_noactivity_2(72),1.954,1.813,6.897,6.262,6.902,6.201,0
no_act/input_noactivity_2(73),2.109,1.91,7.222,5.895,7.426,5.78,0
no_act/input_noactivity_2(74),2.136,1.819,6.606,6.184,6.825,6.16,0
no_act/input_noactivity_2(75),2.171,1.905,6.651,6.392,6.752,6.519,0
no_act/input_noactivity_2(76),2.228,1.978,7.21,6.303,7.133,6.448,0
no_act/input_noactivity_2(77),2.031,1.775,7.053,6.561,7.258,6.56,0
no_act/input_noactivity_2(78),2.13,1.835,7.306,6.314,7.223,6.495,0
no_act/input_noactivity_2(79),1.987,1.965,6.557,6.52,6.585,6.491,0
no_act/input_noactivity_2(80),2.103,1.955,6.742,6.018,6.86,5.869,0
no_act/input_noactivity_2(81),2.138,1.872,7.068,5.888,7.01,5.88,0
no_act/input_noactivity_2(82),2.025,1.891,6.668,6.196,6.632,6.243,0
no_act/input_noactivity_2(83),2.159,1.883,6.698,6.059,6.659,6.212,0
no_act/input_noactivity_2(84),2.069,1.842,6.746,5.965,6.838,5.846,0
no_act/input_noactivity_2(85),1.869,1.702,6.781,5.796,6.729,5.825,0
no_act/input_noactivity_2(86),2.089,1.843,7.011,6.208,7.202,6.141,0
no_act/input_noactivity_2(87),2.09,1.97,7.473,6.173,7.58,6.135,0
no_act/input_noactivity_2(88),2.038,1.847,7.396,6.143,7.424,6.07,0
no_act/input_noactivity_2(89),2.006,1.938,7.027,5.924,6.999,6.054,0
no_act/input_noactivity_2(90),2.15,1.905,6.746,6.253,6.713,6.376,0
no_act/input_noactivity_2(91),2.199,1.924,6.92,6.073,6.848,6.068,0
no_act/input_noactivity_2(92),2.026,1.891,6.75,5.614,6.833,5.546,0
no_act/input_noactivity_2(93),2.139,1.96,7.445,5.629,7.7,5.555,0
no_act/input_noactivity_2(94),2.394,1.91,7.707,5.987,7.845,5.821,0
no_act/input_noactivity_2(95),2.147,1.91,6.755,6.164,6.743,6.075,0
no_act/input_noactivity_2(96),1.944,1.857,6.579,6.491,6.534,6.491,0
no_act/input_noactivity_2(97),1.936,1.886,7.444,6.338,7.467,6.272,0
no_act/input_noactivity_2(98),2.023,1.843,7.293,6.024,7.421,5.953,0
no_act/input_noactivity_2(99),1.87,1.814,6.934,5.894,6.844,6.095,0
no_act/input_noactivity_2(100),2.121,1.827,7.157,5.559,7.138,5.597,0
no_act/input_noactivity_2(101),2.143,1.911,6.873,6.335,6.958,6.286,0
no_act/input_noactivity_2(102),2.157,2.069,6.936,6.76,6.888,6.674,0
no_act/input_noactivity_2(103),2.275,1.906,6.97,6.537,6.942,6.437,0
no_act/input_noactivity_2(104),2.322,1.998,6.723,6.367,6.725,6.229,0
no_act/input_noactivity_2(105),2.253,2.055,6.661,6.243,6.651,6.185,0
no_act/input_noactivity_2(106),2.201,2.05,6.649,6.508,6.69,6.362,0
no_act/input_noactivity_2(107),1.992,1.782,6.55,6.301,6.567,6.256,0
no_act/input_noactivity_2(108),1.771,1.705,6.696,6.252,6.643,6.106,0
no_act/input_noactivity_2(109),1.872,1.733,7.029,6.399,6.842,6.258,0
no_act/input_noactivity_2(110),2.148,1.912,7.179,6.483,7.155,6.453,0
no_act/input_noactivity_2(111),2.224,1.873,7.09,5.8,7.09,5.724,0
no_act/input_noactivity_2(112),2.168,1.94,6.809,5.961,6.757,5.892,0
no_act/input_noactivity_2(113),2.232,2.022,6.785,6.304,6.677,6.308,0
no_act/input_noactivity_2(114),2.214,2.095,7.3,6.556,7.323,6.622,0
no_act/input_noactivity_2(115),2.389,2.151,6.812,6.49,6.879,6.701,0
no_act/input_noactivity_2(116),2.263,2.083,6.654,6.451,6.715,6.349,0
no_act/input_noactivity_2(117),2.135,1.799,7.224,6.532,7.27,6.246,0
no_act/input_noactivity_2(118),2.156,1.758,6.719,6.342,6.679,6.272,0
no_act/input_noactivity_2(119),2.146,1.774,6.793,5.952,6.749,6.0,0
no_act/input_noactivity_2(120),1.872,1.705,7.045,5.892,7.013,5.899,0
no_act/input_noactivity_2(121),2.067,1.913,7.139,6.067,7.209,5.895,0
no_act/input_noactivity_2(122),2.01,1.899,6.393,6.164,6.577,6.03,0
no_act/input_noactivity_2(123),1.996,1.831,6.449,6.281,6.654,6.314,0
no_act/input_noactivity_2(124),2.25,1.912,6.892,6.654,6.933,6.625,0
no_act/input_noactivity_2(125),2.211,2.016,6.937,6.686,6.988,6.695,0
no_act/input_noactivity_2(126),2.201,2.037,6.862,6.556,6.946,6.488,0
no_act/input_noactivity_2(127),2.092,1.992,7.258,6.149,7.117,6.269,0
no_act/input_noactivity_2(128),2.046,1.933,7.114,6.239,6.967,6.223,0
no_act/input_noactivity_2(129),2.046,1.886,6.949,6.275,6.755,6.178,0
no_act/input_noactivity_2(130),2.048,1.911,6.815,6.311,6.713,6.222,0
no_act/input_noactivity_2(131),2.15,1.94,6.755,6.131,6.695,6.114,0
no_act/input_noactivity_2(132),2.027,1.806,7.344,6.109,7.225,6.054,0
no_act/input_noactivity_2(133),1.983,1.853,6.984,5.995,6.798,5.885,0
no_act/input_noactivity_2(134),2.087,1.964,6.785,6.396,6.679,6.369,0
no_act/input_noactivity_2(135),2.019,1.917,7.048,5.858,7.0,5.901,0
no_act/input_noactivity_2(136),2.029,1.895,6.874,6.161,7.01,6.126,0
no_act/input_noactivity_2(137),2.086,1.988,7.493,5.896,7.45,6.019,0
no_act/input_noactivity_2(138),2.135,2.021,7.507,5.877,7.472,5.735,0
no_act/input_noactivity_2(139),2.132,1.853,7.337,6.436,7.153,6.351,0
no_act/input_noactivity_2(140),2.012,1.704,7.321,5.892,7.245,5.751,0
no_act/input_noactivity_2(141),1.898,1.765,7.208,6.007,7.045,6.091,0
no_act/input_noactivity_2(142),1.901,1.792,7.582,6.145,7.631,6.128,0
no_act/input_noactivity_2(143),2.049,1.938,7.055,6.593,6.923,6.465,0
no_act/input_noactivity_2(144),2.166,2.038,7.093,6.372,6.91,6.463,0
no_act/input_noactivity_2(145),2.164,1.933,6.853,6.265,6.694,6.315,0
no_act/input_noactivity_2(146),2.151,1.961,6.923,6.155,6.694,6.144,0
no_act/input_noactivity_2(147),2.113,1.832,6.752,6.1,6.72,6.035,0
no_act/input_noactivity_2(148),2.163,1.942,6.781,6.391,6.692,6.436,0
no_act/input_noactivity_2(149),2.337,2.056,6.95,6.596,7.053,6.377,0
no_act/input_noactivity_2(150),2.218,1.955,6.403,6.167,6.553,5.973,0
no_act/input_noactivity_2(151),2.123,1.839,6.5,5.857,6.603,5.771,0
no_act/input_noactivity_2(152),2.032,1.805,6.624,6.396,6.651,6.357,0
no_act/input_noactivity_2(153),2.0,1.758,6.883,6.564,6.924,6.53,0
no_act/input_noactivity_2(154),1.984,1.832,6.882,6.195,6.961,6.248,0
no_act/input_noactivity_2(155),2.073,1.941,6.966,5.978,7.048,6.012,0
no_act/input_noactivity_2(156),2.07,2.008,6.589,6.173,6.507,6.317,0
no_act/input_noactivity_2(157),2.031,1.83,6.417,6.077,6.572,5.845,0
no_act/input_noactivity_2(158),2.067,1.898,6.582,6.313,6.623,6.169,0
no_act/input_noactivity_2(159),2.091,1.968,6.952,6.35,6.831,6.476,0
no_act/input_noactivity_2(160),2.114,1.901,7.495,6.12,7.476,6.215,0
no_act/input_noactivity_2(161),2.085,1.782,7.487,5.79,7.367,5.949,0
no_act/input_noactivity_2(162),1.989,1.705,6.808,5.899,6.661,6.052,0
no_act/input_noactivity_2(163),2.014,1.755,6.873,5.692,6.791,5.777,0
no_act/input_noactivity_2(164),1.843,1.784,6.818,5.992,6.777,6.023,0
no_act/input_noactivity_2(165),2.186,1.819,6.691,6.119,6.628,6.127,0
no_act/input_noactivity_2(166),2.212,1.914,6.945,6.301,6.826,6.219,0
no_act/input_noactivity_2(167),2.062,1.962,6.917,6.286,6.825,6.141,0
no_act/input_noactivity_2(168),2.116,1.926,6.798,6.597,6.948,6.399,0
no_act/input_noactivity_2(169),2.008,1.962,7.071,6.628,7.227,6.581,0
no_act/input_noactivity_2(170),2.228,1.943,7.221,6.181,7.212,6.244,0
no_act/input_noactivity_2(171),2.355,2.038,6.973,6.224,6.921,6.381,0
no_act/input_noactivity_2(172),2.101,1.94,6.915,6.06,6.903,6.254,0
no_act/input_noactivity_2(173),1.948,1.78,7.231,5.782,7.22,5.898,0
no_act/input_noactivity_2(174),1.823,1.748,7.042,5.987,7.009,6.118,0
no_act/input_noactivity_2(175),1.898,1.671,6.848,6.184,6.786,6.161,0
no_act/input_noactivity_1(0),2.085,1.907,6.997,6.36,6.88,6.6,0
no_act/input_noactivity_1(1),2.153,1.948,6.75,6.199,6.645,6.415,0
no_act/input_noactivity_1(2),2.007,1.794,6.738,6.135,6.947,5.933,0
no_act/input_noactivity_1(3),1.948,1.827,6.916,6.583,7.062,6.499,0
no_act/input_noactivity_1(4),2.047,1.996,7.014,6.229,7.127,6.044,0
no_act/input_noactivity_1(5),2.072,1.926,7.007,6.207,6.969,6.069,0
no_act/input_noactivity_1(6),2.155,1.921,7.219,6.134,7.068,6.134,0
no_act/input_noactivity_1(7),2.322,2.001,7.221,6.033,7.054,6.045,0
no_act/input_noactivity_1(8),2.211,2.067,6.725,6.349,6.791,6.323,0
no_act/input_noactivity_1(9),2.137,1.881,6.931,6.062,7.002,6.144,0
no_act/input_noactivity_1(10),2.087,1.768,7.185,5.854,7.218,5.795,0
no_act/input_noactivity_1(11),2.116,1.962,6.75,6.369,6.841,6.393,0
no_act/input_noactivity_1(12),2.051,1.951,6.724,6.562,6.789,6.527,0
no_act/input_noactivity_1(13),2.067,1.939,7.342,6.375,7.406,6.152,0
no_act/input_noactivity_1(14),1.956,1.854,6.847,6.518,6.904,6.342,0
no_act/input_noactivity_1(15),2.007,1.823,6.722,6.514,6.638,6.54,0
no_act/input_noactivity_1(16),1.993,1.852,7.584,6.26,7.59,6.259,0
no_act/input_noactivity_1(17),2.1,1.895,6.957,5.879,7.185,5.753,0
no_act/input_noactivity_1(18),2.151,1.856,6.673,6.136,6.756,6.099,0
no_act/input_noactivity_1(19),2.29,1.908,7.527,6.365,7.552,6.477,0
no_act/input_noactivity_1(20),2.247,1.908,7.497,6.139,7.577,6.143,0
no_act/input_noactivity_1(21),2.094,1.87,6.917,6.202,6.997,6.149,0
no_act/input_noactivity_1(22),2.052,1.965,6.556,6.102,6.634,6.255,0
no_act/input_noactivity_1(23),2.154,1.937,6.648,5.959,6.743,6.192,0
no_act/input_noactivity_1(24),2.011,1.956,6.448,6.284,6.399,6.238,0
no_act/input_noactivity_1(25),2.048,1.909,7.061,5.866,6.85,5.954,0
no_act/input_noactivity_1(26),2.056,1.946,6.976,6.005,7.156,6.037,0
no_act/input_noactivity_1(27),2.075,1.816,6.992,6.113,7.202,6.057,0
no_act/input_noactivity_1(28),2.276,1.825,7.027,5.991,7.028,6.065,0
no_act/input_noactivity_1(29),2.31,1.908,6.816,5.915,6.741,6.07,0
no_act/input_noactivity_1(30),2.192,1.873,6.676,6.215,6.717,6.312,0
no_act/input_noactivity_1(31),2.257,1.951,6.661,6.278,6.612,6.478,0
no_act/input_noactivity_1(32),2.082,1.985,7.043,5.901,6.924,6.075,0
no_act/input_noactivity_1(33),2.157,1.954,7.449,5.951,7.526,6.0,0
no_act/input_noactivity_1(34),2.055,1.765,6.518,6.211,6.607,6.026,0
no_act/input_noactivity_1(35),1.855,1.747,6.63,6.059,6.582,5.938,0
no_act/input_noactivity_1(36),1.999,1.765,6.853,6.155,6.724,5.955,0
no_act/input_noactivity_1(37),2.111,1.84,6.669,6.158,6.443,6.179,0
no_act/input_noactivity_1(38),2.187,1.927,6.613,6.235,6.641,6.24,0
no_act/input_noactivity_1(39),2.168,1.938,6.873,6.115,6.787,6.173,0
no_act/input_noactivity_1(40),2.181,1.923,6.618,6.133,6.609,6.261,0
no_act/input_noactivity_1(41),2.32,2.014,6.719,5.924,6.89,6.086,0
no_act/input_noactivity_1(42),2.332,1.989,7.524,5.723,7.671,5.798,0
no_act/input_noactivity_1(43),2.018,1.844,7.253,5.988,7.267,6.055,0
no_act/input_noactivity_1(44),2.264,2.036,7.074,6.254,7.022,6.403,0
no_act/input_noactivity_1(45),2.006,1.979,6.301,6.227,6.546,6.158,0
no_act/input_noactivity_1(46),2.012,1.948,6.506,6.182,6.475,6.224,0
no_act/input_noactivity_1(47),2.06,1.872,6.916,6.582,6.834,6.567,0
no_act/input_noactivity_1(48),2.063,1.728,7.11,5.939,7.082,6.038,0
no_act/input_noactivity_1(49),1.915,1.899,7.035,6.086,6.985,6.288,0
no_act/input_noactivity_1(50),1.958,1.927,6.919,6.29,6.87,6.285,0
no_act/input_noactivity_1(51),2.032,1.989,6.703,6.146,6.522,6.281,0
no_act/input_noactivity_1(52),2.198,1.893,6.839,6.093,6.644,6.298,0
no_act/input_noactivity_1(53),2.057,1.876,7.005,6.023,7.017,6.039,0
no_act/input_noactivity_1(54),2.064,1.82,6.988,5.944,7.022,6.098,0
no_act/input_noactivity_1(55),2.083,2.041,6.286,6.189,6.285,6.204,0
no_act/input_noactivity_1(56),1.92,1.807,6.459,6.173,6.558,6.141,0
no_act/input_noactivity_1(57),1.899,1.843,6.475,6.356,6.466,6.244,0
no_act/input_noactivity_1(58),1.956,1.834,6.84,6.378,6.697,6.34,0
no_act/input_noactivity_1(59),1.965,1.906,6.884,6.28,6.932,6.454,0
no_act/input_noactivity_1(60),2.144,1.952,6.879,6.202,6.899,6.547,0
no_act/input_noactivity_1(61),2.112,1.996,6.342,6.085,6.425,6.234,0
no_act/input_noactivity_1(62),2.185,1.884,6.207,6.013,6.226,6.026,0
no_act/input_noactivity_1(63),2.214,1.881,7.032,6.11,6.768,6.2,0
no_act/input_noactivity_1(64),2.073,1.877,7.163,6.495,6.94,6.643,0
no_act/input_noactivity_1(65),2.172,1.878,7.339,6.261,7.284,6.412,0
no_act/input_noactivity_1(66),2.097,1.879,6.941,6.435,7.037,6.4,0
no_act/input_noactivity_1(67),2.011,1.896,7.186,6.042,7.09,6.112,0
no_act/input_noactivity_1(68),2.133,1.884,6.888,6.059,6.883,6.05,0
no_act/input_noactivity_1(69),2.03,1.811,6.781,6.148,7.076,6.115,0
no_act/input_noactivity_1(70),1.928,1.872,6.774,6.394,6.984,6.495,0
no_act/input_noactivity_1(71),2.145,1.919,6.856,5.982,6.832,6.083,0
no_act/input_noactivity_1(72),2.191,1.974,6.79,5.881,6.709,6.095,0
no_act/input_noactivity_1(73),2.115,2.003,6.468,6.147,6.69,6.123,0
no_act/input_noactivity_1(74),2.165,1.959,6.616,6.265,6.864,6.224,0
no_act/input_noactivity_1(75),2.253,1.871,6.604,6.377,6.759,6.303,0
no_act/input_noactivity_1(76),2.244,1.87,7.006,6.358,6.96,6.531,0
no_act/input_noactivity_1(77),2.194,2.047,6.971,6.203,6.812,6.223,0
no_act/input_noactivity_1(78),2.1,1.954,6.587,6.347,6.582,6.278,0
no_act/input_noactivity_1(79),2.036,1.957,6.542,6.035,6.555,6.053,0
no_act/input_noactivity_1(80),2.038,1.885,6.461,5.957,6.379,6.046,0
no_act/input_noactivity_1(81),2.099,1.958,6.566,6.086,6.469,6.139,0
no_act/input_noactivity_1(82),2.126,1.792,7.177,6.088,7.03,6.152,0
no_act/input_noactivity_1(83),2.083,1.831,6.905,6.051,6.902,5.998,0
no_act/input_noactivity_1(84),2.197,1.914,6.519,6.072,6.661,5.977,0
no_act/input_noactivity_1(85),2.246,1.89,6.701,6.231,6.692,6.13,0
no_act/input_noactivity_1(86),2.244,1.917,7.207,6.039,7.142,6.104,0
no_act/input_noactivity_1(87),2.283,1.872,7.492,6.008,7.61,6.056,0
no_act/input_noactivity_1(88),1.972,1.884,7.142,6.033,7.106,6.141,0
no_act/input_noactivity_1(89),1.933,1.771,6.673,5.702,6.719,5.639,0
no_act/input_noactivity_1(90),1.975,1.787,6.589,5.813,6.656,5.704,0
no_act/input_noactivity_1(91),2.089,1.783,6.654,6.141,6.884,5.9,0
no_act/input_noactivity_1(92),1.952,1.818,7.018,6.124,7.24,5.787,0
no_act/input_noactivity_1(93),1.863,1.81,6.897,6.377,6.934,6.282,0
no_act/input_noactivity_1(94),2.274,1.956,7.185,6.499,7.472,6.485,0
no_act/input_noactivity_1(95),2.296,1.963,6.87,6.636,7.05,6.755,0
no_act/input_noactivity_1(96),2.164,1.82,6.497,6.073,6.806,6.152,0
no_act/input_noactivity_1(97),2.129,1.785,6.74,5.877,7.082,5.848,0
no_act/input_noactivity_1(98),2.202,1.836,6.848,5.887,6.779,5.94,0
no_act/input_noactivity_1(99),1.953,1.811,6.86,5.771,6.699,5.909,0
no_act/input_noactivity_1(100),1.998,1.783,6.698,6.411,6.508,6.289,0
no_act/input_noactivity_1(101),2.048,1.818,6.927,6.426,6.703,6.433,0
no_act/input_noactivity_1(102),2.023,1.9,6.74,6.18,6.782,6.039,0
no_act/input_noactivity_1(103),2.09,1.884,6.475,6.066,6.363,5.973,0
no_act/input_noactivity_1(104),2.194,1.845,6.606,6.259,6.436,6.17,0
no_act/input_noactivity_1(105),2.108,1.847,7.439,6.188,7.249,6.277,0
no_act/input_noactivity_1(106),2.106,1.98,7.167,6.301,6.782,6.412,0
no_act/input_noactivity_1(107),2.186,1.897,6.575,6.32,6.609,5.955,0
no_act/input_noactivity_1(108),2.137,1.974,6.679,6.508,6.745,6.364,0
no_act/input_noactivity_1(109),2.082,1.852,6.791,6.403,6.676,6.413,0
no_act/input_noactivity_1(110),2.021,1.902,7.008,6.382,6.976,6.353,0
no_act/input_noactivity_1(111),1.978,1.859,7.309,6.081,7.281,6.127,0
no_act/input_noactivity_1(112),1.98,1.822,6.988,6.399,6.892,6.375,0
no_act/input_noactivity_1(113),1.977,1.852,6.987,6.223,6.779,6.341,0
no_act/input_noactivity_1(114),1.95,1.867,6.77,5.736,6.478,5.936,0
no_act/input_noactivity_1(115),1.868,1.824,7.136,6.039,6.996,6.146,0
no_act/input_noactivity_1(116),2.055,1.958,7.646,6.271,7.631,6.458,0
no_act/input_noactivity_1(117),2.222,2.062,7.014,6.753,7.055,6.906,0
no_act/input_noactivity_1(118),2.232,1.89,6.643,6.233,6.682,6.282,0
no_act/input_noactivity_1(119),2.176,1.746,6.671,6.091,6.765,6.161,0
no_act/input_noactivity_1(120),2.185,1.879,7.177,6.101,7.085,6.281,0
no_act/input_noactivity_1(121),2.135,2.006,7.227,6.462,7.315,6.274,0
no_act/input_noactivity_1(122),2.216,1.972,7.267,6.528,7.246,6.44,0
no_act/input_noactivity_1(123),2.137,1.979,6.874,5.967,6.883,5.981,0
no_act/input_noactivity_1(124),2.191,1.975,6.779,5.783,6.686,5.839,0
no_act/input_noactivity_1(125),2.046,1.956,6.913,5.772,6.645,5.914,0
no_act/input_noactivity_1(126),2.008,1.918,6.862,6.111,6.714,6.132,0
no_act/input_noactivity_1(127),2.262,2.059,6.401,6.094,6.556,6.051,0
no_act/input_noactivity_1(128),2.363,1.995,6.457,5.92,6.439,6.039,0
no_act/input_noactivity_1(129),2.248,2.1,6.872,6.294,6.765,6.388,0
no_act/input_noactivity_1(130),2.19,2.103,6.817,6.665,6.804,6.752,0
no_act/input_noactivity_1(131),2.143,2.015,6.736,6.478,6.701,6.455,0
no_act/input_noactivity_1(132),2.106,1.985,7.134,6.007,6.942,5.973,0
no_act/input_noactivity_1(133),1.965,1.935,6.929,6.327,6.741,6.391,0
no_act/input_noactivity_1(134),2.122,1.787,7.15,5.924,7.1,5.971,0
no_act/input_noactivity_1(135),2.034,1.82,6.699,5.944,6.797,6.049,0
no_act/input_noactivity_1(136),2.019,1.928,7.154,6.197,7.331,6.158,0
no_act/input_noactivity_1(137),2.0,1.938,6.939,6.358,6.982,6.448,0
no_act/input_noactivity_1(138),2.168,1.793,6.782,6.122,7.045,6.171,0
no_act/input_noactivity_1(139),2.257,1.952,6.941,6.683,6.957,6.855,0
no_act/input_noactivity_1(140),2.145,2.057,7.182,6.234,7.17,6.338,0
no_act/input_noactivity_1(141),2.069,2.02,6.585,6.366,6.681,6.426,0
no_act/input_noactivity_1(142),2.078,1.825,6.594,6.164,6.751,6.168,0
no_act/input_noactivity_1(143),2.278,1.947,7.119,6.36,7.066,6.277,0
no_act/input_noactivity_1(144),2.051,1.964,7.147,6.133,6.948,6.244,0
no_act/input_noactivity_1(145),2.146,1.85,6.71,5.852,6.69,5.945,0
no_act/input_noactivity_1(146),2.191,1.898,6.832,5.903,6.851,5.88,0
no_act/input_noactivity_1(147),2.055,1.781,6.827,6.077,6.906,5.998,0
no_act/input_noactivity_1(148),2.206,1.907,6.315,6.268,6.494,6.195,0
no_act/input_noactivity_1(149),2.424,1.791,6.731,6.357,6.643,6.413,0
no_act/input_noactivity_1(150),2.266,1.882,6.555,6.372,6.515,6.426,0
no_act/input_noactivity_1(151),2.258,2.05,7.009,6.089,6.997,6.238,0
no_act/input_noactivity_1(152),2.152,1.99,7.343,5.87,7.28,5.975,0
no_act/input_noactivity_1(153),1.897,1.844,7.031,6.085,6.908,6.184,0
no_act/input_noactivity_1(154),2.128,1.953,7.281,6.018,7.315,5.941,0
no_act/input_noactivity_1(155),1.917,1.846,6.905,6.079,7.04,6.186,0
no_act/input_noactivity_1(156),2.092,1.852,7.418,5.563,7.459,5.69,0
no_act/input_noactivity_1(157),1.993,1.897,6.899,6.329,6.622,6.337,0
no_act/input_noactivity_1(158),1.998,1.841,6.698,6.087,6.613,6.094,0
no_act/input_noactivity_1(159),2.017,1.878,6.673,6.182,6.898,6.105,0
no_act/input_noactivity_1(160),1.977,1.837,6.567,6.101,6.595,6.219,0
no_act/input_noactivity_1(161),2.122,1.988,6.901,5.52,7.038,5.703,0
no_act/input_noactivity_1(162),2.343,2.08,7.094,6.086,7.034,6.253,0
no_act/input_noactivity_1(163),2.178,1.888,6.795,6.37,6.789,6.357,0
no_act/input_noactivity_1(164),2.132,1.837,6.943,6.009,7.003,6.005,0
no_act/input_noactivity_1(165),2.171,2.064,7.025,6.351,7.048,6.314,0
no_act/input_noactivity_1(166),2.078,1.945,7.295,6.024,7.215,6.166,0
no_act/input_noactivity_1(167),1.96,1.851,6.836,6.347,6.942,6.33,0
no_act/input_noactivity_1(168),1.986,1.849,6.798,5.96,6.66,6.06,0
no_act/input_noactivity_1(169),2.092,1.972,7.177,6.025,7.134,5.953,0
no_act/input_noactivity_1(170),2.198,2.021,6.84,6.595,6.931,6.63,0
no_act/input_noactivity_1(171),2.168,1.948,7.055,6.098,7.255,6.012,0
no_act/input_noactivity_1(172),2.109,1.927,7.026,6.303,7.116,6.258,0
no_act/input_noactivity_1(173),2.285,1.851,7.263,5.931,7.349,5.988,0
no_act/input_noactivity_1(174),2.355,1.947,7.344,5.819,7.426,5.944,0
no_act/input_noactivity_1(175),2.173,1.926,6.668,5.863,6.783,5.833,0
/input_walk_all_1(0),1.699,1.601,6.417,6.156,6.458,6.101,1
/input_walk_all_1(1),1.697,1.604,6.248,5.946,6.278,5.978,1
/input_walk_all_1(2),1.904,1.771,6.399,5.563,6.531,5.569,1
/input_walk_all_1(3),1.986,1.715,6.165,5.792,6.291,5.877,1
/input_walk_all_1(4),1.879,1.784,6.339,5.71,6.347,5.945,1
/input_walk_all_1(5),3.498,3.135,5.762,4.974,5.851,4.987,1
/input_walk_all_1(6),3.425,3.119,5.901,4.882,5.94,4.693,1
/input_walk_all_1(7),2.633,2.027,5.861,5.77,5.976,5.534,1
/input_walk_all_1(8),2.423,2.069,6.008,5.216,6.109,5.133,1
/input_walk_all_1(9),2.143,2.087,5.829,5.133,6.013,5.196,1
/input_walk_all_1(10),2.527,2.094,6.207,5.659,6.097,5.762,1
/input_walk_all_1(11),1.774,1.547,6.784,5.53,6.734,5.533,1
/input_walk_all_1(12),1.871,1.698,6.893,5.52,6.825,5.54,1
/input_walk_all_1(13),1.773,1.718,6.969,5.508,6.933,5.469,1
/input_walk_all_1(14),1.98,1.944,6.59,5.923,6.566,5.968,1
/input_walk_all_1(15),1.887,1.766,6.445,5.895,6.64,5.91,1
/input_walk_all_1(16),3.528,2.86,5.46,5.019,5.482,5.099,1
/input_walk_all_1(17),3.434,2.816,5.851,4.719,5.9,4.633,1
/input_walk_all_1(18),2.075,1.934,6.133,5.392,6.093,5.246,1
/input_walk_all_1(19),2.404,2.219,6.044,5.131,6.138,5.042,1
/input_walk_all_1(20),2.477,2.087,6.37,5.506,6.429,5.504,1
/input_walk_all_1(21),2.495,2.308,6.216,6.078,6.281,6.01,1
/input_walk_all_1(22),1.713,1.639,6.547,6.282,6.465,6.301,1
/input_walk_all_1(23),1.672,1.634,6.697,6.06,6.656,6.088,1
/input_walk_all_1(24),1.774,1.687,6.457,5.807,6.433,5.831,1
/input_walk_all_1(25),1.893,1.759,6.395,5.978,6.599,6.049,1
/input_walk_all_1(26),2.053,1.715,6.713,6.326,6.914,6.418,1
/input_walk_all_1(27),3.547,2.784,5.715,5.058,5.779,5.209,1
/input_walk_all_1(28),3.316,2.647,5.731,5.026,5.666,5.011,1
/input_walk_all_1(29),2.275,1.942,5.803,5.781,5.895,5.463,1
/input_walk_all_1(30),2.426,2.234,5.517,5.351,5.616,5.257,1
/input_walk_all_1(31),2.325,2.123,6.264,5.21,6.32,5.302,1
/input_walk_all_1(32),2.518,2.21,6.365,5.709,6.257,5.732,1
/input_walk_all_1(33),1.759,1.72,6.65,5.803,6.62,5.946,1
/input_walk_all_1(34),1.711,1.628,6.306,5.43,6.493,5.384,1
/input_walk_all_1(35),1.672,1.631,6.448,5.73,6.649,5.527,1
/input_walk_all_1(36),1.807,1.688,6.915,5.369,6.803,5.58,1
/input_walk_all_1(37),2.041,1.739,6.739,5.293,6.949,5.439,1
/input_walk_all_1(38),3.194,2.729,5.963,4.72,5.917,4.874,1
/input_walk_all_1(39),3.094,2.518,5.937,4.971,5.605,5.065,1
/input_walk_all_1(40),2.181,1.955,6.466,5.543,6.104,5.738,1
/input_walk_all_1(41),2.298,2.039,6.065,5.062,5.911,5.386,1
/input_walk_all_1(42),2.237,2.01,6.06,5.273,6.131,5.241,1
/input_walk_all_1(43),2.347,2.141,6.06,5.636,5.951,5.587,1
/input_walk_all_1(44),1.843,1.664,6.477,5.936,6.415,5.934,1
/input_walk_all_1(45),1.79,1.726,6.332,5.539,6.301,5.56,1
/input_walk_all_1(46),1.885,1.637,6.518,5.858,6.517,5.939,1
/input_walk_all_1(47),1.924,1.72,6.368,5.985,6.623,5.949,1
/input_walk_all_1(48),2.014,1.69,6.235,5.972,6.348,6.019,1
/input_walk_all_1(49),3.562,2.908,5.427,5.299,5.447,5.302,1
/input_walk_all_1(50),3.429,2.867,5.876,5.12,6.047,4.883,1
/input_walk_all_1(51),2.378,2.007,6.235,5.683,6.16,5.638,1
/input_walk_all_1(52),2.456,2.077,5.854,5.395,5.736,5.49,1
/input_walk_all_1(53),2.617,2.148,6.145,5.243,6.042,5.695,1
/input_walk_all_1(54),2.516,2.21,6.335,5.66,6.319,5.643,1
/input_walk_all_1(55),1.885,1.613,7.094,5.971,7.158,6.01,1
/input_walk_all_1(56),1.764,1.592,6.835,5.689,6.95,5.639,1
/input_walk_all_1(57),1.753,1.629,6.301,5.903,6.225,6.067,1
/input_walk_all_1(58),1.878,1.714,6.093,5.797,6.086,5.939,1
/input_walk_all_1(59),2.009,1.755,6.485,5.256,6.49,5.308,1
/input_walk_all_1(60),4.029,3.024,5.943,4.468,5.747,4.551,1
/input_walk_all_1(61),3.741,2.785,5.801,4.512,5.6,4.833,1
/input_walk_all_1(62),2.292,2.143,6.344,5.712,6.326,5.422,1
/input_walk_all_1(63),2.379,2.113,6.345,5.538,6.141,5.51,1
/input_walk_all_1(64),2.192,1.976,5.948,5.365,5.959,5.419,1
/input_walk_all_1(65),2.554,2.234,6.158,5.703,5.978,5.777,1
/input_walk_all_1(66),1.706,1.618,6.515,5.896,6.55,5.912,1
/input_walk_all_1(67),1.614,1.597,6.374,5.675,6.289,5.76,1
/input_walk_all_1(68),1.767,1.668,6.481,5.786,6.524,5.77,1
/input_walk_all_1(69),1.961,1.826,6.561,5.797,6.565,5.838,1
/input_walk_all_1(70),1.929,1.832,6.315,5.699,6.182,5.802,1
/input_walk_all_1(71),3.525,2.554,5.497,5.164,5.456,5.079,1
/input_walk_all_1(72),3.445,2.663,5.511,5.17,5.285,5.086,1
/input_walk_all_1(73),2.303,2.062,6.14,5.826,6.155,5.572,1
/input_walk_all_1(74),2.369,2.025,5.789,5.311,5.805,5.422,1
/input_walk_all_1(75),2.311,2.084,6.148,5.456,5.866,5.518,1
/input_walk_all_1(76),2.619,2.137,6.287,5.655,5.938,5.705,1
/input_walk_all_1(77),1.715,1.584,6.558,6.012,6.4,6.028,1
/input_walk_all_1(78),1.741,1.636,6.349,5.905,6.395,5.804,1
/input_walk_all_1(79),1.917,1.688,6.225,6.057,6.227,6.06,1
/input_walk_all_1(80),2.034,1.645,6.249,5.774,6.138,5.815,1
/input_walk_all_1(81),1.795,1.772,6.248,5.993,6.495,5.712,1
/input_walk_all_1(82),3.108,3.025,5.545,5.055,5.55,5.156,1
/input_walk_all_1(83),3.007,2.92,5.891,5.0,5.784,4.964,1
/input_walk_all_1(84),2.123,1.993,6.06,5.318,5.943,5.166,1
/input_walk_all_1(85),2.278,2.105,5.839,4.855,5.74,4.727,1
/input_walk_all_1(86),2.296,2.016,6.568,5.66,6.43,5.78,1
/input_walk_all_1(87),2.571,2.234,6.499,5.428,6.286,5.455,1
/input_walk_all_1(88),1.805,1.547,6.87,6.154,6.97,6.293,1
/input_walk_all_1(89),1.826,1.677,6.58,6.058,6.605,6.226,1
/input_walk_all_1(90),1.91,1.675,6.789,5.354,6.805,5.388,1
/input_walk_all_1(91),1.912,1.769,7.359,5.293,7.414,5.285,1
/input_walk_all_1(92),1.939,1.73,6.986,5.778,7.072,5.853,1
/input_walk_all_1(93),3.629,2.614,5.806,5.213,5.792,5.3,1
/input_walk_all_1(94),3.376,2.76,5.864,5.353,5.973,5.109,1
/input_walk_all_1(95),2.182,1.894,6.28,5.668,6.211,5.574,1
/input_walk_all_1(96),2.303,1.928,5.85,5.317,5.922,4.986,1
/input_walk_all_1(97),2.261,1.96,6.162,5.429,5.926,5.711,1
/input_walk_all_1(98),2.603,2.264,6.552,5.338,6.373,5.41,1
/input_walk_all_1(99),1.861,1.636,6.751,5.594,6.963,5.687,1
/input_walk_all_1(100),1.884,1.725,6.393,5.626,6.549,5.717,1
/input_walk_all_1(101),1.941,1.718,6.505,5.592,6.537,5.647,1
/input_walk_all_1(102),1.918,1.862,6.841,5.356,6.928,5.505,1
/input_walk_all_1(103),1.962,1.793,6.191,5.332,6.356,5.272,1
/input_walk_all_1(104),3.638,3.361,5.818,5.259,5.99,5.102,1
/input_walk_all_1(105),3.422,3.208,5.781,5.072,5.733,5.126,1
/input_walk_all_1(106),2.22,1.843,6.295,5.533,6.167,5.581,1
/input_walk_all_1(107),2.236,2.014,5.661,5.215,5.529,5.22,1
/input_walk_all_1(108),2.156,1.921,5.838,5.535,5.791,5.588,1
/input_walk_all_1(109),2.294,2.041,6.074,5.763,5.998,5.581,1
/input_walk_all_1(110),1.805,1.7,6.788,5.539,6.855,5.675,1
/input_walk_all_1(111),1.871,1.753,6.78,5.658,6.781,5.751,1
/input_walk_all_1(112),1.901,1.828,6.615,5.933,6.623,5.906,1
/input_walk_all_1(113),2.089,1.871,6.299,5.632,6.437,5.632,1
/input_walk_all_1(114),1.903,1.785,6.236,5.742,6.326,5.813,1
/input_walk_all_1(115),3.42,3.04,5.759,5.095,5.472,5.327,1
/input_walk_all_1(116),3.167,2.911,5.676,4.672,5.353,4.88,1
/input_walk_all_1(117),2.224,2.077,6.109,5.981,6.009,5.955,1
/input_walk_all_1(118),2.412,1.97,5.867,5.251,5.999,5.11,1
/input_walk_all_1(119),2.349,1.973,6.153,5.208,5.962,5.447,1
/input_walk_all_1(120),2.428,2.2,6.35,5.214,5.943,5.221,1
/input_walk_all_1(121),1.73,1.582,6.27,6.086,6.33,5.879,1
/input_walk_all_1(122),1.842,1.677,6.393,5.578,6.479,5.476,1
/input_walk_all_1(123),1.861,1.693,6.46,5.493,6.634,5.404,1
/input_walk_all_1(124),1.801,1.784,6.456,5.821,6.62,5.925,1
/input_walk_all_1(125),1.897,1.71,6.396,6.29,6.51,6.448,1
/input_walk_all_1(126),4.039,3.51,5.79,5.153,5.897,4.965,1
/input_walk_all_1(127),3.757,3.147,5.711,5.275,5.889,4.922,1
/input_walk_all_1(128),2.16,1.906,6.282,5.551,6.118,5.565,1
/input_walk_all_1(129),2.438,1.951,5.87,5.111,5.763,5.208,1
/input_walk_all_1(130),2.354,1.978,6.18,5.544,6.128,5.703,1
/input_walk_all_1(131),2.455,2.381,6.295,5.406,6.084,5.352,1
/input_walk_all_1(132),1.86,1.685,6.621,6.029,6.487,6.258,1
/input_walk_all_1(133),1.835,1.694,6.546,6.354,6.727,6.194,1
/input_walk_all_1(134),1.839,1.649,6.466,5.99,6.656,5.96,1
/input_walk_all_1(135),1.861,1.722,6.683,5.625,6.679,5.637,1
/input_walk_all_1(136),1.985,1.703,6.967,6.08,6.856,6.081,1
/input_walk_all_1(137),3.657,2.621,5.513,5.292,5.705,5.07,1
/input_walk_all_1(138),3.517,2.723,5.934,4.966,6.127,4.893,1
/input_walk_all_1(139),2.469,2.043,6.949,5.893,6.849,6.057,1
/input_walk_all_1(140),2.245,2.236,6.046,5.703,5.857,5.798,1
/input_walk_all_1(141),2.244,2.128,6.174,5.729,6.045,5.839,1
/input_walk_all_1(142),2.328,2.252,6.502,5.298,6.503,5.042,1
/input_walk_all_1(143),1.948,1.693,6.57,5.903,6.672,5.803,1
/input_walk_all_1(144),1.789,1.741,6.415,5.722,6.398,5.86,1
/input_walk_all_1(145),1.936,1.698,6.215,5.719,6.248,5.803,1
/input_walk_all_1(146),1.968,1.714,6.231,5.839,6.187,5.982,1
/input_walk_all_1(147),1.808,1.642,6.199,5.799,6.392,5.722,1
/input_walk_all_1(148),3.359,2.693,5.522,4.596,5.677,4.665,1
/input_walk_all_1(149),3.164,2.779,5.974,4.741,5.891,4.759,1
/input_walk_all_1(150),2.403,1.865,6.559,5.603,6.639,5.477,1
/input_walk_all_1(151),2.425,1.98,5.979,5.472,5.909,5.457,1
/input_walk_all_1(152),2.524,2.063,5.855,5.658,6.04,5.622,1
/input_walk_all_1(153),2.438,2.353,6.106,5.991,6.091,5.755,1
/input_walk_all_1(154),1.767,1.566,6.707,5.271,6.893,5.382,1
/input_walk_all_1(155),1.803,1.577,6.35,5.841,6.343,5.885,1
/input_walk_all_1(156),1.911,1.711,6.306,5.958,6.38,5.872,1
/input_walk_all_1(157),1.971,1.697,6.163,5.936,6.298,6.024,1
/input_walk_all_1(158),1.982,1.655,6.267,5.916,6.314,6.116,1
/input_walk_all_1(159),3.652,3.062,5.612,5.079,5.786,5.143,1
/input_walk_all_1(160),3.392,3.072,5.761,5.327,5.75,5.397,1
/input_walk_all_1(161),2.285,1.963,6.671,6.111,6.77,5.874,1
/input_walk_all_1(162),2.586,2.127,6.289,5.695,6.287,5.613,1
/input_walk_all_1(163),2.422,2.151,6.275,5.511,6.195,5.65,1
/input_walk_all_1(164),2.642,2.105,6.196,5.473,6.074,5.396,1
/input_walk_all_1(165),1.689,1.571,6.43,6.105,6.505,5.946,1
/input_walk_all_1(166),1.699,1.625,6.394,5.778,6.419,5.756,1
/input_walk_all_1(167),1.715,1.627,6.52,5.785,6.642,5.741,1
/input_walk_all_1(168),1.841,1.766,6.621,5.616,6.759,5.81,1
/input_walk_all_1(169),2.031,1.858,6.684,5.705,6.79,5.846,1
/input_walk_all_1(170),3.521,2.913,5.694,4.991,5.836,4.671,1
/input_walk_all_1(171),3.183,2.769,5.547,5.128,5.463,5.088,1
/input_walk_all_1(172),2.329,2.223,6.457,5.8,6.522,5.635,1
/input_walk_all_1(173),2.218,2.147,6.192,5.225,6.142,5.12,1
/input_walk_all_1(174),2.212,2.149,6.376,5.553,6.426,5.635,1
/input_walk_all_1(175),2.419,2.077,6.942,5.83,6.856,5.746,1
/input_walk_hall_1(0),2.02,1.818,5.853,4.984,6.079,4.992,1
/input_walk_hall_1(1),2.046,1.723,6.66,5.814,6.562,5.794,1
/input_walk_hall_1(2),2.267,1.856,6.595,5.834,6.426,5.677,1
/input_walk_hall_1(3),2.915,2.444,5.766,5.036,5.864,5.003,1
/input_walk_hall_1(4),2.727,2.605,5.632,5.112,5.807,5.323,1
/input_walk_hall_1(5),2.06,1.737,6.742,5.816,6.91,5.835,1
/input_walk_hall_1(6),2.28,2.129,6.885,6.066,7.009,6.039,1
/input_walk_hall_1(7),3.507,2.682,5.662,5.227,5.577,5.456,1
/input_walk_hall_1(8),3.497,2.518,5.756,5.059,5.811,5.156,1
/input_walk_hall_1(9),2.131,2.014,6.625,6.397,6.624,6.419,1
/input_walk_hall_1(10),1.953,1.824,7.064,6.393,6.889,6.414,1
/input_walk_hall_1(11),2.048,2.024,6.024,4.877,6.113,5.006,1
/input_walk_hall_1(12),2.051,1.799,6.47,5.223,6.407,5.185,1
/input_walk_hall_1(13),2.217,1.989,6.517,5.175,6.528,5.156,1
/input_walk_hall_1(14),2.964,2.345,5.803,5.096,5.99,5.222,1
/input_walk_hall_1(15),2.781,2.347,5.881,5.21,5.862,5.532,1
/input_walk_hall_1(16),2.027,1.839,6.633,5.575,6.609,5.748,1
/input_walk_hall_1(17),2.433,2.046,6.585,5.727,6.655,5.878,1
/input_walk_hall_1(18),3.385,3.039,5.362,4.935,5.727,5.211,1
/input_walk_hall_1(19),3.123,3.017,5.755,4.93,6.098,5.213,1
/input_walk_hall_1(20),1.986,1.778,6.894,6.057,6.947,6.129,1
/input_walk_hall_1(21),1.812,1.64,6.905,6.334,6.864,6.276,1
/input_walk_hall_1(22),2.042,1.966,6.569,5.066,6.61,5.092,1
/input_walk_hall_1(23),2.012,1.88,6.805,5.457,6.707,5.391,1
/input_walk_hall_1(24),2.298,1.923,6.695,5.172,6.627,5.21,1
/input_walk_hall_1(25),2.798,2.492,5.619,4.8,5.918,4.831,1
/input_walk_hall_1(26),2.981,2.338,5.517,4.89,5.554,5.084,1
/input_walk_hall_1(27),2.324,1.991,6.309,5.859,6.233,6.0,1
/input_walk_hall_1(28),2.364,2.176,6.628,6.187,6.876,6.167,1
/input_walk_hall_1(29),3.402,3.062,5.615,5.095,5.866,5.68,1
/input_walk_hall_1(30),3.379,2.934,5.547,4.86,6.001,5.184,1
/input_walk_hall_1(31),2.131,1.892,6.505,5.927,6.633,5.99,1
/input_walk_hall_1(32),1.773,1.671,6.331,6.147,6.272,6.11,1
/input_walk_hall_1(33),2.313,2.001,6.282,5.363,6.363,5.284,1
/input_walk_hall_1(34),2.087,1.816,7.021,5.475,6.938,5.364,1
/input_walk_hall_1(35),2.347,2.049,6.657,5.84,6.715,5.773,1
/input_walk_hall_1(36),2.987,2.36,5.993,5.174,6.136,5.272,1
/input_walk_hall_1(37),3.0,2.327,6.202,5.147,6.244,5.279,1
/input_walk_hall_1(38),2.26,1.914,7.014,5.591,7.008,5.761,1
/input_walk_hall_1(39),2.64,2.12,7.554,5.703,7.622,6.079,1
/input_walk_hall_1(40),3.616,2.832,6.366,4.824,6.692,5.282,1
/input_walk_hall_1(41),3.577,2.616,5.592,4.582,5.956,4.934,1
/input_walk_hall_1(42),1.989,1.92,6.57,5.895,6.599,5.814,1
/input_walk_hall_1(43),1.818,1.713,6.698,6.272,6.722,5.991,1
/input_walk_hall_1(44),2.041,1.93,6.456,5.108,6.511,5.216,1
/input_walk_hall_1(45),2.086,1.804,6.735,5.464,6.714,5.293,1
/input_walk_hall_1(46),2.474,1.774,6.568,5.211,6.766,5.188,1
/input_walk_hall_1(47),2.773,2.291,5.684,4.993,5.904,5.075,1
/input_walk_hall_1(48),2.871,2.053,5.428,5.185,5.54,5.176,1
/input_walk_hall_1(49),2.073,1.76,6.57,6.074,6.533,6.077,1
/input_walk_hall_1(50),2.378,2.186,7.18,5.92,7.214,5.999,1
/input_walk_hall_1(51),3.434,3.168,5.919,5.157,6.203,5.43,1
/input_walk_hall_1(52),3.409,2.903,5.538,5.238,5.735,5.495,1
/input_walk_hall_1(53),2.038,1.815,6.667,6.261,6.561,6.26,1
/input_walk_hall_1(54),1.862,1.788,6.882,6.253,6.69,6.24,1
/input_walk_hall_1(55),1.982,1.836,5.774,5.348,5.966,5.287,1
/input_walk_hall_1(56),1.953,1.729,6.159,5.723,6.096,5.786,1
/input_walk_hall_1(57),2.286,2.151,6.459,5.78,6.705,5.463,1
/input_walk_hall_1(58),2.819,2.362,5.846,5.104,5.953,5.072,1
/input_walk_hall_1(59),2.749,2.175,6.071,4.868,6.149,5.133,1
/input_walk_hall_1(60),2.029,1.661,6.912,5.738,6.86,5.812,1
/input_walk_hall_1(61),2.626,2.164,7.006,6.146,7.282,6.254,1
/input_walk_hall_1(62),3.496,2.848,5.701,5.19,6.261,5.583,1
/input_walk_hall_1(63),3.414,2.418,5.207,5.008,5.538,5.357,1
/input_walk_hall_1(64),2.095,1.869,6.446,6.307,6.605,6.246,1
/input_walk_hall_1(65),1.821,1.704,6.711,6.503,6.71,6.337,1
/input_walk_hall_1(66),2.23,1.869,5.861,5.494,6.299,5.342,1
/input_walk_hall_1(67),1.871,1.817,6.232,5.822,6.32,5.765,1
/input_walk_hall_1(68),2.214,2.104,6.072,5.792,6.012,5.834,1
/input_walk_hall_1(69),2.719,2.403,5.632,5.074,5.631,5.242,1
/input_walk_hall_1(70),2.831,2.159,6.036,4.956,6.242,4.945,1
/input_walk_hall_1(71),2.23,1.807,6.452,5.916,6.41,6.17,1
/input_walk_hall_1(72),2.288,2.211,6.739,5.747,6.827,6.041,1
/input_walk_hall_1(73),3.418,2.886,5.292,5.139,5.656,5.549,1
/input_walk_hall_1(74),3.424,2.625,5.355,5.02,5.646,5.23,1
/input_walk_hall_1(75),2.15,2.0,6.613,5.91,6.513,6.058,1
/input_walk_hall_1(76),2.093,1.677,7.05,5.786,7.069,5.741,1
/input_walk_hall_1(77),2.213,1.974,6.613,4.971,6.813,4.931,1
/input_walk_hall_1(78),2.022,1.909,7.14,5.624,7.132,5.591,1
/input_walk_hall_1(79),2.181,2.087,6.745,5.815,6.678,5.889,1
/input_walk_hall_1(80),2.651,2.378,5.695,5.206,5.833,5.227,1
/input_walk_hall_1(81),2.571,2.279,5.685,5.139,5.926,5.177,1
/input_walk_hall_1(82),2.235,2.101,6.528,5.993,6.364,6.109,1
/input_walk_hall_1(83),2.664,2.051,6.813,6.178,6.857,6.165,1
/input_walk_hall_1(84),3.328,2.88,5.581,4.876,5.924,5.081,1
/input_walk_hall_1(85),2.96,2.712,5.707,4.364,5.994,4.397,1
/input_walk_hall_1(86),1.96,1.731,6.533,5.931,6.527,5.736,1
/input_walk_hall_1(87),1.887,1.642,7.009,6.511,6.797,6.458,1
/input_walk_hall_1(88),2.153,1.902,6.274,5.378,6.442,5.362,1
/input_walk_hall_1(89),2.025,1.761,6.645,5.473,6.797,5.347,1
/input_walk_hall_1(90),2.124,1.992,6.55,5.097,6.68,5.073,1
/input_walk_hall_1(91),2.743,2.392,5.84,5.119,6.185,4.693,1
/input_walk_hall_1(92),2.809,2.191,5.506,5.23,5.971,5.199,1
/input_walk_hall_1(93),2.131,1.879,6.7,5.818,6.815,5.788,1
/input_walk_hall_1(94),2.609,2.177,7.283,6.247,7.567,6.199,1
/input_walk_hall_1(95),3.606,2.899,5.93,5.321,6.312,5.433,1
/input_walk_hall_1(96),3.301,2.905,5.076,4.792,5.54,4.85,1
/input_walk_hall_1(97),2.249,1.988,6.262,5.921,6.259,6.141,1
/input_walk_hall_1(98),1.892,1.7,6.65,6.566,6.659,6.499,1
/input_walk_hall_1(99),2.078,1.987,6.09,5.015,6.148,4.972,1
/input_walk_hall_1(100),1.975,1.851,6.865,5.328,6.844,5.345,1
/input_walk_hall_1(101),2.097,1.963,6.651,5.77,6.612,5.77,1
/input_walk_hall_1(102),2.862,2.38,5.545,5.369,5.713,5.492,1
/input_walk_hall_1(103),2.841,2.571,5.528,5.464,5.823,5.611,1
/input_walk_hall_1(104),2.264,1.982,6.913,5.779,7.037,5.873,1
/input_walk_hall_1(105),2.818,2.208,6.918,5.997,7.13,6.109,1
/input_walk_hall_1(106),3.878,3.168,5.491,5.126,6.108,5.31,1
/input_walk_hall_1(107),3.64,2.886,6.121,4.813,6.341,5.244,1
/input_walk_hall_1(108),2.087,1.802,6.817,5.981,6.772,6.148,1
/input_walk_hall_1(109),1.701,1.627,6.844,6.138,6.924,6.093,1
/input_walk_hall_1(110),2.127,1.819,5.956,5.208,5.792,5.513,1
/input_walk_hall_1(111),1.891,1.834,6.329,5.807,6.113,6.02,1
/input_walk_hall_1(112),2.038,1.903,6.164,5.673,6.044,5.814,1
/input_walk_hall_1(113),2.802,2.099,5.611,5.096,5.575,5.251,1
/input_walk_hall_1(114),2.98,2.308,5.439,4.901,5.431,5.116,1
/input_walk_hall_1(115),2.133,2.07,6.489,5.988,6.602,5.941,1
/input_walk_hall_1(116),2.364,2.272,6.582,6.177,6.768,6.264,1
/input_walk_hall_1(117),3.382,2.891,5.379,4.955,5.55,5.233,1
/input_walk_hall_1(118),3.268,2.526,5.266,5.01,5.575,5.181,1
/input_walk_hall_1(119),2.055,1.836,6.466,6.177,6.529,6.336,1
/input_walk_hall_1(120),1.84,1.747,6.573,6.45,6.652,6.405,1
/input_walk_hall_1(121),2.033,1.891,5.952,5.244,6.038,5.362,1
/input_walk_hall_1(122),1.93,1.797,6.071,5.957,6.055,5.753,1
/input_walk_hall_1(123),2.244,1.956,6.113,5.963,6.239,5.873,1
/input_walk_hall_1(124),2.74,2.524,5.632,5.182,5.659,5.225,1
/input_walk_hall_1(125),2.761,2.375,5.441,4.77,5.303,4.969,1
/input_walk_hall_1(126),1.983,1.789,6.679,5.415,6.653,5.464,1
/input_walk_hall_1(127),2.348,2.256,6.673,5.781,6.733,5.878,1
/input_walk_hall_1(128),3.612,2.948,5.442,4.573,5.478,5.056,1
/input_walk_hall_1(129),3.501,2.921,5.783,5.284,5.987,5.439,1
/input_walk_hall_1(130),2.02,1.999,6.695,5.975,6.717,6.025,1
/input_walk_hall_1(131),1.865,1.775,6.746,5.547,6.637,5.611,1
/input_walk_hall_1(132),2.158,1.82,5.963,5.651,6.068,5.654,1
/input_walk_hall_1(133),2.069,1.769,6.48,5.781,6.543,5.771,1
/input_walk_hall_1(134),2.142,2.118,6.492,6.122,6.375,6.223,1
/input_walk_hall_1(135),2.754,2.196,5.931,5.228,6.037,5.521,1
/input_walk_hall_1(136),2.716,2.076,5.493,5.359,5.701,5.571,1
/input_walk_hall_1(137),2.172,1.954,6.32,6.216,6.484,6.155,1
/input_walk_hall_1(138),2.341,2.007,6.711,6.247,6.711,6.271,1
/input_walk_hall_1(139),3.343,2.894,5.743,5.1,5.881,5.314,1
/input_walk_hall_1(140),3.312,3.044,5.609,4.855,5.739,5.476,1
/input_walk_hall_1(141),2.286,2.104,6.36,6.137,6.438,6.315,1
/input_walk_hall_1(142),1.861,1.711,6.908,6.463,6.863,6.246,1
/input_walk_hall_1(143),2.1,1.977,5.792,5.497,5.908,5.453,1
/input_walk_hall_1(144),2.125,1.869,6.377,5.87,6.269,6.117,1
/input_walk_hall_1(145),2.293,1.981,6.056,5.844,6.161,5.848,1
/input_walk_hall_1(146),2.789,2.29,5.513,5.078,5.64,5.082,1
/input_walk_hall_1(147),2.843,2.159,5.772,4.985,5.891,5.09,1
/input_walk_hall_1(148),2.116,1.623,6.499,5.266,6.606,5.468,1
/input_walk_hall_1(149),2.807,1.894,6.605,5.939,6.887,6.115,1
/input_walk_hall_1(150),3.581,3.089,5.534,5.093,6.287,5.373,1
/input_walk_hall_1(151),3.423,3.073,5.304,4.743,5.642,4.968,1
/input_walk_hall_1(152),2.107,1.833,6.539,5.96,6.7,5.943,1
/input_walk_hall_1(153),1.86,1.709,6.858,6.117,6.931,5.978,1
/input_walk_hall_1(154),1.982,1.783,5.845,5.184,5.841,5.03,1
/input_walk_hall_1(155),2.107,1.847,6.289,5.505,6.188,5.444,1
/input_walk_hall_1(156),2.356,1.92,6.057,5.926,6.353,5.612,1
/input_walk_hall_1(157),2.711,2.462,5.638,5.07,5.792,5.065,1
/input_walk_hall_1(158),2.74,2.517,5.469,4.975,5.837,4.994,1
/input_walk_hall_1(159),2.423,1.926,6.969,5.562,7.075,5.873,1
/input_walk_hall_1(160),2.598,2.439,7.007,6.024,7.21,6.094,1
/input_walk_hall_1(161),3.689,3.178,5.558,5.117,5.948,5.323,1
/input_walk_hall_1(162),3.567,2.989,5.832,5.267,6.005,5.693,1
/input_walk_hall_1(163),2.029,1.87,7.145,6.321,6.964,6.533,1
/input_walk_hall_1(164),1.781,1.754,7.287,6.172,7.124,6.208,1
/input_walk_hall_1(165),2.186,1.86,6.164,5.326,6.105,5.593,1
/input_walk_hall_1(166),2.103,1.9,6.748,5.585,6.718,5.591,1
/input_walk_hall_1(167),2.198,1.905,6.318,5.713,6.354,5.559,1
/input_walk_hall_1(168),2.537,2.481,5.661,5.116,5.895,5.07,1
/input_walk_hall_1(169),2.552,2.381,5.571,5.233,5.751,5.457,1
/input_walk_hall_1(170),1.975,1.906,6.718,5.8,6.764,5.784,1
/input_walk_hall_1(171),2.599,2.445,7.231,5.438,7.18,5.661,1
/input_walk_hall_1(172),3.541,3.372,5.907,4.967,6.175,5.282,1
/input_walk_hall_1(173),3.299,3.106,5.745,4.83,6.149,4.854,1
/input_walk_hall_1(174),1.955,1.758,6.643,5.873,6.737,5.875,1
/input_walk_hall_1(175),1.931,1.699,6.85,6.118,6.708,6.058,1
/input_walk_all_2(0),2.45,1.96,6.456,5.766,6.553,6.018,1
/input_walk_all_2(1),2.233,2.085,6.43,6.19,6.679,6.178,1
/input_walk_all_2(2),1.931,1.813,6.72,6.45,6.727,6.494,1
/input_walk_all_2(3),1.851,1.713,6.409,6.151,6.354,6.093,1
/input_walk_all_2(4),1.888,1.764,6.341,5.656,6.453,5.605,1
/input_walk_all_2(5),2.186,1.824,6.256,5.503,6.584,5.772,1
/input_walk_all_2(6),2.12,1.804,7.011,6.511,7.079,6.849,1
/input_walk_all_2(7),2.688,2.044,6.336,5.288,6.277,5.832,1
/input_walk_all_2(8),2.83,2.171,5.546,4.791,5.62,4.871,1
/input_walk_all_2(9),2.322,2.036,5.793,5.338,5.787,5.507,1
/input_walk_all_2(10),3.174,2.698,4.26,4.168,4.443,4.434,1
/input_walk_all_2(11),2.24,2.025,6.442,5.697,6.33,5.879,1
/input_walk_all_2(12),2.295,2.206,6.617,6.392,6.655,6.517,1
/input_walk_all_2(13),2.294,1.949,6.433,6.048,6.421,6.066,1
/input_walk_all_2(14),2.071,2.008,6.284,5.774,6.225,5.676,1
/input_walk_all_2(15),2.163,1.86,6.277,5.585,6.29,5.435,1
/input_walk_all_2(16),2.212,1.964,5.848,5.11,6.08,5.179,1
/input_walk_all_2(17),2.09,1.839,6.752,6.024,6.926,6.366,1
/input_walk_all_2(18),2.27,2.211,6.439,5.527,6.571,5.816,1
/input_walk_all_2(19),2.513,2.377,5.409,4.34,5.493,4.356,1
/input_walk_all_2(20),2.501,2.447,6.078,5.48,6.078,5.359,1
/input_walk_all_2(21),3.215,3.053,4.956,4.646,5.327,4.931,1
/input_walk_all_2(22),2.362,2.314,6.277,6.063,6.71,5.906,1
/input_walk_all_2(23),2.326,2.151,6.694,6.162,6.564,6.441,1
/input_walk_all_2(24),2.047,1.895,6.984,6.122,7.13,6.004,1
/input_walk_all_2(25),1.96,1.694,6.889,6.118,6.879,6.091,1
/input_walk_all_2(26),2.009,1.977,6.767,5.753,6.548,5.612,1
/input_walk_all_2(27),2.159,1.897,5.945,4.979,6.085,5.149,1
/input_walk_all_2(28),2.021,1.681,7.141,5.949,7.435,5.999,1
/input_walk_all_2(29),2.263,2.066,6.034,5.439,6.303,5.431,1
/input_walk_all_2(30),2.334,2.279,5.003,4.772,5.126,4.805,1
/input_walk_all_2(31),2.291,2.094,5.589,5.3,5.66,5.253,1
/input_walk_all_2(32),2.71,2.533,4.334,4.109,4.485,4.3,1
/input_walk_all_2(33),2.18,2.152,6.488,5.846,6.454,5.895,1
/input_walk_all_2(34),2.325,2.078,6.847,5.96,6.852,6.013,1
/input_walk_all_2(35),1.953,1.811,6.473,6.114,6.489,6.111,1
/input_walk_all_2(36),1.923,1.821,6.244,5.849,6.284,5.802,1
/input_walk_all_2(37),2.096,1.731,6.195,5.844,6.127,5.922,1
/input_walk_all_2(38),2.205,1.891,5.509,5.366,5.82,5.599,1
/input_walk_all_2(39),2.036,1.786,7.051,5.948,7.341,6.127,1
/input_walk_all_2(40),2.568,2.045,5.981,5.433,6.146,5.544,1
/input_walk_all_2(41),2.986,2.365,5.021,4.53,4.999,4.705,1
/input_walk_all_2(42),2.76,2.354,5.63,5.278,5.681,5.138,1
/input_walk_all_2(43),3.158,2.659,4.618,4.135,4.801,4.42,1
/input_walk_all_2(44),2.322,1.994,6.4,5.418,6.434,5.423,1
/input_walk_all_2(45),2.173,2.078,6.422,5.729,6.478,5.686,1
/input_walk_all_2(46),1.974,1.884,6.294,5.862,6.352,5.801,1
/input_walk_all_2(47),1.895,1.817,6.79,5.513,6.816,5.535,1
/input_walk_all_2(48),2.054,1.908,6.6,5.596,6.688,5.512,1
/input_walk_all_2(49),2.089,1.862,5.721,5.38,5.827,5.323,1
/input_walk_all_2(50),1.998,1.864,6.908,5.744,6.716,6.044,1
/input_walk_all_2(51),2.44,2.261,6.435,5.628,6.357,5.816,1
/input_walk_all_2(52),2.563,2.291,5.406,5.048,5.599,5.062,1
/input_walk_all_2(53),2.528,2.074,5.735,5.084,5.798,5.081,1
/input_walk_all_2(54),3.008,2.914,4.71,4.075,4.69,4.324,1
/input_walk_all_2(55),2.234,2.0,6.229,5.779,6.364,5.914,1
/input_walk_all_2(56),2.355,2.022,6.366,6.16,6.403,6.182,1
/input_walk_all_2(57),2.065,1.805,6.513,6.095,6.524,5.964,1
/input_walk_all_2(58),2.132,1.923,6.386,5.668,6.305,5.709,1
/input_walk_all_2(59),2.287,1.727,6.191,5.766,6.111,5.84,1
/input_walk_all_2(60),2.01,1.945,5.897,5.252,6.219,5.471,1
/input_walk_all_2(61),1.941,1.819,6.9,5.53,7.256,5.598,1
/input_walk_all_2(62),2.507,2.104,6.052,5.554,6.303,5.454,1
/input_walk_all_2(63),2.672,2.39,5.716,4.838,5.94,4.677,1
/input_walk_all_2(64),2.529,2.048,6.161,5.355,6.362,5.148,1
/input_walk_all_2(65),3.442,2.626,4.941,3.912,4.888,4.104,1
/input_walk_all_2(66),2.471,2.003,6.608,5.072,6.76,5.515,1
/input_walk_all_2(67),2.559,2.052,6.389,5.473,6.666,5.748,1
/input_walk_all_2(68),2.193,1.918,6.507,5.888,6.607,5.986,1
/input_walk_all_2(69),1.911,1.868,6.304,5.834,6.332,5.896,1
/input_walk_all_2(70),1.984,1.789,6.562,5.61,6.583,5.619,1
/input_walk_all_2(71),2.135,1.933,5.564,5.165,5.827,5.37,1
/input_walk_all_2(72),2.073,1.79,7.296,6.531,7.567,6.567,1
/input_walk_all_2(73),2.219,1.992,6.458,5.684,6.812,5.606,1
/input_walk_all_2(74),2.686,2.327,5.563,4.354,5.62,4.407,1
/input_walk_all_2(75),2.703,2.482,6.064,4.986,6.121,5.058,1
/input_walk_all_2(76),3.333,2.716,4.539,4.109,4.742,4.338,1
/input_walk_all_2(77),2.395,1.952,6.343,5.819,6.448,5.714,1
/input_walk_all_2(78),2.42,1.991,6.411,5.837,6.598,5.752,1
/input_walk_all_2(79),2.154,1.801,6.437,5.93,6.601,5.839,1
/input_walk_all_2(80),2.045,1.955,6.423,6.0,6.399,6.106,1
/input_walk_all_2(81),2.187,2.042,6.865,5.635,6.763,5.783,1
/input_walk_all_2(82),2.151,1.885,6.105,4.883,6.227,5.135,1
/input_walk_all_2(83),1.951,1.777,6.551,5.996,6.655,6.215,1
/input_walk_all_2(84),2.588,2.29,5.863,5.071,5.887,5.475,1
/input_walk_all_2(85),2.756,2.528,5.39,4.532,5.322,4.917,1
/input_walk_all_2(86),2.462,2.15,5.641,5.353,5.64,5.346,1
/input_walk_all_2(87),3.235,2.355,4.419,4.172,4.555,4.174,1
/input_walk_all_2(88),2.322,2.039,6.565,6.072,6.532,6.15,1
/input_walk_all_2(89),2.462,2.122,6.639,6.075,6.566,6.184,1
/input_walk_all_2(90),1.897,1.855,6.376,5.954,6.547,5.985,1
/input_walk_all_2(91),2.02,1.812,6.272,6.024,6.4,5.942,1
/input_walk_all_2(92),2.01,1.91,6.433,5.435,6.292,5.486,1
/input_walk_all_2(93),2.417,1.891,5.946,5.045,6.195,5.415,1
/input_walk_all_2(94),2.326,1.81,6.453,5.957,6.717,6.12,1
/input_walk_all_2(95),2.497,2.299,5.8,5.289,5.931,5.451,1
/input_walk_all_2(96),2.725,2.529,5.324,4.619,5.455,4.727,1
/input_walk_all_2(97),2.664,2.209,5.493,5.331,5.598,5.238,1
/input_walk_all_2(98),3.207,2.743,4.372,3.923,4.577,3.933,1
/input_walk_all_2(99),2.319,1.874,6.581,5.676,6.617,5.708,1
/input_walk_all_2(100),2.638,1.941,6.336,5.921,6.353,5.956,1
/input_walk_all_2(101),1.901,1.857,6.834,5.887,6.902,5.995,1
/input_walk_all_2(102),2.015,1.77,6.967,5.928,7.035,5.846,1
/input_walk_all_2(103),2.035,1.781,6.669,5.8,6.342,5.795,1
/input_walk_all_2(104),2.093,2.045,5.932,4.899,5.977,5.137,1
/input_walk_all_2(105),2.152,2.034,6.614,5.537,6.769,5.858,1
/input_walk_all_2(106),2.459,2.201,5.817,5.019,5.73,5.467,1
/input_walk_all_2(107),2.594,2.47,5.274,4.855,5.254,4.943,1
/input_walk_all_2(108),2.483,2.085,5.54,5.237,5.692,5.281,1
/input_walk_all_2(109),3.12,2.702,4.169,3.914,4.54,3.938,1
/input_walk_all_2(110),2.13,1.942,6.3,5.884,6.345,6.115,1
/input_walk_all_2(111),2.323,1.985,6.883,6.182,6.894,6.433,1
/input_walk_all_2(112),2.109,1.871,6.904,6.267,6.812,6.36,1
/input_walk_all_2(113),2.002,1.753,6.644,5.853,6.626,5.863,1
/input_walk_all_2(114),1.926,1.823,6.211,5.899,6.058,6.004,1
/input_walk_all_2(115),2.181,1.904,5.592,5.229,6.055,5.24,1
/input_walk_all_2(116),2.01,1.846,6.975,5.657,7.483,5.68,1
/input_walk_all_2(117),2.411,2.318,6.107,5.241,6.521,5.326,1
/input_walk_all_2(118),2.524,2.475,5.264,4.94,5.498,5.045,1
/input_walk_all_2(119),2.357,2.186,5.966,4.938,5.879,4.989,1
/input_walk_all_2(120),3.319,2.751,4.557,3.875,4.447,4.16,1
/input_walk_all_2(121),2.462,2.035,6.158,5.866,6.303,5.765,1
/input_walk_all_2(122),2.317,2.133,6.75,6.295,6.815,6.416,1
/input_walk_all_2(123),2.103,1.842,6.742,5.833,6.824,5.893,1
/input_walk_all_2(124),2.066,1.781,6.682,5.724,6.596,5.726,1
/input_walk_all_2(125),2.107,1.76,6.273,6.078,6.11,6.008,1
/input_walk_all_2(126),2.241,2.044,5.795,5.605,6.376,5.443,1
/input_walk_all_2(127),2.071,1.916,7.173,6.064,7.556,5.965,1
/input_walk_all_2(128),2.262,1.989,6.543,5.486,6.779,5.357,1
/input_walk_all_2(129),2.7,2.149,5.477,4.545,5.534,4.617,1
/input_walk_all_2(130),2.593,2.064,6.249,5.263,6.324,5.12,1
/input_walk_all_2(131),3.296,2.773,5.407,4.05,5.242,3.959,1
/input_walk_all_2(132),2.374,2.072,6.112,5.829,6.159,5.897,1
/input_walk_all_2(133),2.473,2.165,7.166,5.666,7.335,5.772,1
/input_walk_all_2(134),2.153,1.927,6.848,5.884,6.756,6.157,1
/input_walk_all_2(135),1.876,1.812,6.136,6.044,6.229,5.922,1
/input_walk_all_2(136),2.051,1.712,6.449,5.946,6.497,5.748,1
/input_walk_all_2(137),2.181,1.917,6.033,5.068,6.237,5.466,1
/input_walk_all_2(138),2.142,1.974,6.653,5.638,6.957,5.775,1
/input_walk_all_2(139),2.208,2.102,5.522,4.643,5.554,4.928,1
/input_walk_all_2(140),2.389,2.354,5.222,4.929,5.268,4.86,1
/input_walk_all_2(141),2.58,2.408,6.0,5.483,6.084,5.305,1
/input_walk_all_2(142),2.829,2.521,4.641,4.051,4.761,4.197,1
/input_walk_all_2(143),2.281,1.884,6.451,5.722,6.601,5.772,1
/input_walk_all_2(144),2.499,2.158,7.337,5.517,7.289,5.687,1
/input_walk_all_2(145),2.248,1.998,7.352,5.878,7.396,5.899,1
/input_walk_all_2(146),1.983,1.745,6.606,5.904,6.642,5.841,1
/input_walk_all_2(147),1.994,1.734,6.073,5.733,5.905,5.797,1
/input_walk_all_2(148),2.236,1.977,5.48,5.134,5.785,5.25,1
/input_walk_all_2(149),2.015,1.979,6.506,6.187,6.911,6.207,1
/input_walk_all_2(150),2.553,2.094,5.904,5.491,5.929,5.867,1
/input_walk_all_2(151),2.681,2.558,5.153,4.972,5.203,5.063,1
/input_walk_all_2(152),2.386,2.244,6.0,5.544,5.992,5.496,1
/input_walk_all_2(153),2.911,2.618,4.918,4.13,4.887,4.218,1
/input_walk_all_2(154),2.43,2.033,6.225,5.942,6.389,5.862,1
/input_walk_all_2(155),2.572,1.844,6.804,5.872,7.102,5.774,1
/input_walk_all_2(156),2.277,1.755,6.815,6.1,6.895,5.979,1
/input_walk_all_2(157),2.051,1.765,6.759,5.651,6.526,5.86,1
/input_walk_all_2(158),2.062,1.72,6.307,5.849,6.406,5.629,1
/input_walk_all_2(159),2.177,1.961,6.11,4.775,6.241,5.168,1
/input_walk_all_2(160),2.188,1.931,6.389,6.276,6.55,6.414,1
/input_walk_all_2(161),2.708,2.059,6.19,5.023,6.325,5.062,1
/input_walk_all_2(162),2.934,2.185,5.751,4.759,5.702,5.057,1
/input_walk_all_2(163),2.52,2.059,5.973,5.541,5.809,5.725,1
/input_walk_all_2(164),3.209,2.898,4.604,4.468,4.748,4.43,1
/input_walk_all_2(165),2.355,2.07,6.805,5.539,6.705,5.577,1
/input_walk_all_2(166),2.329,2.144,6.924,5.748,6.89,5.772,1
/input_walk_all_2(167),2.07,1.929,6.864,6.413,6.91,6.3,1
/input_walk_all_2(168),1.981,1.762,6.756,6.365,6.882,6.159,1
/input_walk_all_2(169),2.279,2.027,6.524,5.786,6.354,5.905,1
/input_walk_all_2(170),2.149,1.972,5.499,4.956,5.687,5.38,1
/input_walk_all_2(171),2.044,1.713,6.799,6.049,6.922,6.254,1
/input_walk_all_2(172),2.355,2.031,6.221,4.878,6.287,4.985,1
/input_walk_all_2(173),2.702,2.175,5.39,4.861,5.513,5.121,1
/input_walk_all_2(174),2.514,2.203,6.013,5.468,6.054,5.44,1
/input_walk_all_2(175),3.127,2.92,4.68,4.274,4.931,4.139,1
/input_walk_br2_1(0),3.329,2.929,6.478,5.939,6.4,6.009,1
/input_walk_br2_1(1),3.62,3.039,6.001,5.704,5.831,5.759,1
/input_walk_br2_1(2),3.965,3.019,5.954,5.524,6.458,5.446,1
/input_walk_br2_1(3),3.378,3.063,5.665,5.443,5.889,5.57,1
/input_walk_br2_1(4),3.026,2.727,5.023,4.229,5.125,4.146,1
/input_walk_br2_1(5),2.735,2.305,5.556,4.283,5.374,4.403,1
/input_walk_br2_1(6),2.506,2.167,6.618,5.594,6.244,5.564,1
/input_walk_br2_1(7),2.145,1.841,6.572,5.385,6.273,5.267,1
/input_walk_br2_1(8),2.547,2.301,6.613,5.992,6.359,5.963,1
/input_walk_br2_1(9),2.474,2.285,6.567,5.974,6.351,6.137,1
/input_walk_br2_1(10),2.465,2.19,6.345,6.145,6.395,6.045,1
/input_walk_br2_1(11),3.263,2.862,6.217,6.072,6.404,5.993,1
/input_walk_br2_1(12),3.378,2.837,5.974,5.528,6.303,5.788,1
/input_walk_br2_1(13),3.44,3.211,5.926,5.299,6.503,5.751,1
/input_walk_br2_1(14),3.468,3.278,5.919,5.382,6.378,5.697,1
/input_walk_br2_1(15),3.267,2.778,5.21,4.139,5.066,4.232,1
/input_walk_br2_1(16),2.814,2.488,5.086,4.518,4.712,4.462,1
/input_walk_br2_1(17),2.334,2.307,6.649,5.443,6.363,5.377,1
/input_walk_br2_1(18),1.935,1.82,6.451,5.608,6.296,5.58,1
/input_walk_br2_1(19),2.507,2.11,6.564,5.987,6.439,6.0,1
/input_walk_br2_1(20),2.383,2.259,6.183,5.909,6.247,5.859,1
/input_walk_br2_1(21),2.275,2.214,6.041,5.653,5.929,5.488,1
/input_walk_br2_1(22),3.156,2.924,6.362,6.112,6.565,6.095,1
/input_walk_br2_1(23),3.149,2.897,6.248,5.725,6.315,5.663,1
/input_walk_br2_1(24),3.6,3.238,5.963,5.274,6.283,5.617,1
/input_walk_br2_1(25),3.747,3.12,5.834,5.453,6.321,5.745,1
/input_walk_br2_1(26),3.353,2.718,5.206,4.587,5.261,4.537,1
/input_walk_br2_1(27),2.731,2.485,5.079,4.259,4.736,4.454,1
/input_walk_br2_1(28),2.378,2.036,6.045,5.856,6.022,5.388,1
/input_walk_br2_1(29),2.148,1.86,6.677,5.865,6.465,5.662,1
/input_walk_br2_1(30),2.628,2.252,6.624,6.327,6.834,5.943,1
/input_walk_br2_1(31),2.709,2.486,6.523,6.066,6.749,5.954,1
/input_walk_br2_1(32),2.729,2.337,6.705,5.795,6.778,5.72,1
/input_walk_br2_1(33),3.536,2.997,6.832,5.885,6.81,6.294,1
/input_walk_br2_1(34),3.199,3.137,6.147,5.513,5.992,5.503,1
/input_walk_br2_1(35),3.443,3.23,6.219,5.254,6.05,5.498,1
/input_walk_br2_1(36),3.259,3.035,5.858,5.269,6.023,5.553,1
/input_walk_br2_1(37),2.971,2.635,4.826,4.428,4.831,4.429,1
/input_walk_br2_1(38),2.751,2.396,5.231,4.345,5.346,4.115,1
/input_walk_br2_1(39),2.319,2.21,6.103,5.293,5.916,5.222,1
/input_walk_br2_1(40),1.988,1.841,6.375,5.653,6.271,5.566,1
/input_walk_br2_1(41),2.406,2.35,7.036,6.38,6.782,6.448,1
/input_walk_br2_1(42),2.52,2.274,6.643,5.953,6.386,6.002,1
/input_walk_br2_1(43),2.539,2.155,6.3,5.638,5.958,5.638,1
/input_walk_br2_1(44),3.017,2.85,6.348,5.303,6.234,5.398,1
/input_walk_br2_1(45),3.544,3.149,6.211,5.711,6.249,5.524,1
/input_walk_br2_1(46),3.751,3.35,6.017,5.683,6.439,5.537,1
/input_walk_br2_1(47),3.587,2.91,5.907,5.022,6.489,5.018,1
/input_walk_br2_1(48),3.142,2.606,4.902,4.516,4.994,4.607,1
/input_walk_br2_1(49),2.765,2.539,5.303,4.658,4.976,4.813,1
/input_walk_br2_1(50),2.421,2.196,6.468,5.892,6.208,5.657,1
/input_walk_br2_1(51),1.921,1.831,6.457,6.335,6.564,6.176,1
/input_walk_br2_1(52),2.504,2.294,6.89,6.536,7.021,6.487,1
/input_walk_br2_1(53),2.58,2.496,6.378,6.295,6.514,6.166,1
/input_walk_br2_1(54),2.515,2.429,6.407,5.806,6.194,5.96,1
/input_walk_br2_1(55),3.225,2.898,6.677,5.694,6.984,5.716,1
/input_walk_br2_1(56),3.271,2.973,6.478,5.479,6.416,5.583,1
/input_walk_br2_1(57),3.648,3.133,6.132,5.296,6.546,5.542,1
/input_walk_br2_1(58),3.136,3.073,5.798,4.866,6.02,5.151,1
/input_walk_br2_1(59),2.983,2.778,5.017,4.483,4.826,4.615,1
/input_walk_br2_1(60),2.771,2.15,5.346,4.499,5.569,4.693,1
/input_walk_br2_1(61),2.198,2.092,6.399,5.45,6.295,5.338,1
/input_walk_br2_1(62),2.073,1.902,6.368,6.088,6.33,5.926,1
/input_walk_br2_1(63),2.427,2.346,6.888,6.205,6.804,6.256,1
/input_walk_br2_1(64),2.565,2.261,6.762,6.176,6.651,6.19,1
/input_walk_br2_1(65),2.393,2.096,5.995,5.771,6.007,5.723,1
/input_walk_br2_1(66),3.293,2.893,6.601,5.553,6.63,5.746,1
/input_walk_br2_1(67),3.4,2.84,5.985,5.522,5.933,5.413,1
/input_walk_br2_1(68),3.327,3.018,5.85,5.318,6.266,5.664,1
/input_walk_br2_1(69),3.358,3.009,6.03,5.036,6.437,5.435,1
/input_walk_br2_1(70),3.227,2.538,5.039,4.372,5.534,4.554,1
/input_walk_br2_1(71),3.104,2.344,4.993,4.644,5.179,4.822,1
/input_walk_br2_1(72),2.626,2.353,6.428,5.42,6.158,5.514,1
/input_walk_br2_1(73),1.997,1.76,6.571,5.734,6.447,5.619,1
/input_walk_br2_1(74),2.332,2.194,6.611,6.271,6.506,6.152,1
/input_walk_br2_1(75),2.47,2.243,6.329,5.791,6.355,5.573,1
/input_walk_br2_1(76),2.283,2.122,6.435,5.528,6.564,5.129,1
/input_walk_br2_1(77),3.094,2.83,6.319,5.696,6.581,5.571,1
/input_walk_br2_1(78),3.263,3.058,6.439,5.739,6.218,5.776,1
/input_walk_br2_1(79),3.535,3.349,6.088,5.788,6.317,5.948,1
/input_walk_br2_1(80),3.492,2.921,5.818,5.18,6.137,5.376,1
/input_walk_br2_1(81),2.944,2.726,4.647,4.488,4.887,4.562,1
/input_walk_br2_1(82),2.768,2.403,4.774,4.547,4.904,4.682,1
/input_walk_br2_1(83),2.534,2.092,5.93,5.614,5.896,5.479,1
/input_walk_br2_1(84),1.966,1.884,6.548,5.529,6.506,5.384,1
/input_walk_br2_1(85),2.435,2.042,6.744,6.058,6.882,5.83,1
/input_walk_br2_1(86),2.442,2.163,6.591,5.598,6.72,5.424,1
/input_walk_br2_1(87),2.777,2.049,6.337,5.337,6.112,5.487,1
/input_walk_br2_1(88),3.507,2.931,6.901,5.213,6.892,5.233,1
/input_walk_br2_1(89),3.116,2.972,6.486,5.365,6.077,5.38,1
/input_walk_br2_1(90),3.219,2.868,6.22,5.461,6.09,5.599,1
/input_walk_br2_1(91),3.15,2.972,6.015,5.263,6.153,5.256,1
/input_walk_br2_1(92),3.123,2.907,5.276,4.474,5.279,4.588,1
/input_walk_br2_1(93),2.769,2.712,4.944,4.86,5.158,4.683,1
/input_walk_br2_1(94),2.51,2.238,6.343,6.159,6.236,5.876,1
/input_walk_br2_1(95),2.014,1.835,6.651,5.923,6.444,5.807,1
/input_walk_br2_1(96),2.26,2.21,6.882,5.692,6.463,5.823,1
/input_walk_br2_1(97),2.4,2.248,6.557,5.783,6.456,5.737,1
/input_walk_br2_1(98),2.402,2.323,6.256,6.083,6.165,5.874,1
/input_walk_br2_1(99),3.266,2.836,6.301,5.69,6.208,5.626,1
/input_walk_br2_1(100),3.498,2.87,6.312,6.122,6.462,5.78,1
/input_walk_br2_1(101),3.946,3.095,6.212,5.536,6.717,5.643,1
/input_walk_br2_1(102),3.638,3.055,5.587,5.338,6.049,5.722,1
/input_walk_br2_1(103),3.129,2.875,5.055,4.527,5.217,4.385,1
/input_walk_br2_1(104),2.738,2.473,5.247,4.645,5.024,4.774,1
/input_walk_br2_1(105),2.36,2.142,6.076,5.607,5.894,5.419,1
/input_walk_br2_1(106),1.928,1.885,6.117,6.025,6.122,5.723,1
/input_walk_br2_1(107),2.436,2.299,6.615,6.163,6.476,6.05,1
/input_walk_br2_1(108),2.376,2.29,6.135,5.878,6.292,5.543,1
/input_walk_br2_1(109),2.426,2.008,6.014,5.835,5.854,5.723,1
/input_walk_br2_1(110),3.407,3.235,7.009,5.571,7.146,5.704,1
/input_walk_br2_1(111),3.568,3.181,6.215,5.807,6.167,5.858,1
/input_walk_br2_1(112),3.665,3.282,6.4,5.266,6.591,5.616,1
/input_walk_br2_1(113),3.576,3.162,5.839,5.38,6.349,5.24,1
/input_walk_br2_1(114),3.186,2.613,5.132,4.628,4.915,4.274,1
/input_walk_br2_1(115),3.062,2.225,5.126,4.268,4.973,4.199,1
/input_walk_br2_1(116),2.575,2.142,6.423,5.221,6.123,5.253,1
/input_walk_br2_1(117),2.143,1.816,6.903,5.744,6.571,5.682,1
/input_walk_br2_1(118),2.422,2.221,7.099,6.168,6.912,6.079,1
/input_walk_br2_1(119),2.458,2.238,6.543,5.9,6.547,5.785,1
/input_walk_br2_1(120),2.634,2.24,6.525,5.393,6.46,5.468,1
/input_walk_br2_1(121),3.406,2.777,6.272,5.538,6.344,5.549,1
/input_walk_br2_1(122),3.544,3.528,6.833,5.5,6.547,5.479,1
/input_walk_br2_1(123),3.462,3.42,6.214,5.72,6.135,5.737,1
/input_walk_br2_1(124),3.355,3.038,5.846,4.958,6.101,5.124,1
/input_walk_br2_1(125),3.099,2.648,4.863,4.472,4.931,4.742,1
/input_walk_br2_1(126),2.721,2.36,4.679,4.566,4.99,4.46,1
/input_walk_br2_1(127),2.204,2.077,6.268,5.479,6.112,5.459,1
/input_walk_br2_1(128),2.177,1.842,7.08,5.74,6.876,5.474,1
/input_walk_br2_1(129),2.516,2.388,7.421,5.982,7.138,5.925,1
/input_walk_br2_1(130),2.484,2.415,7.028,5.925,6.833,6.13,1
/input_walk_br2_1(131),2.574,2.294,6.732,5.581,6.592,5.555,1
/input_walk_br2_1(132),3.249,2.923,6.3,5.756,6.339,5.728,1
/input_walk_br2_1(133),3.472,2.801,6.599,5.16,6.4,5.282,1
/input_walk_br2_1(134),3.783,3.386,6.463,5.254,6.544,5.759,1
/input_walk_br2_1(135),3.654,3.218,6.561,5.261,6.773,5.417,1
/input_walk_br2_1(136),3.188,2.592,5.232,4.122,5.399,4.128,1
/input_walk_br2_1(137),2.792,2.437,5.029,4.228,5.266,4.252,1
/input_walk_br2_1(138),2.448,2.159,6.133,5.742,6.001,5.728,1
/input_walk_br2_1(139),2.038,1.947,6.462,5.774,6.293,5.7,1
/input_walk_br2_1(140),2.462,2.112,6.404,5.721,6.509,5.727,1
/input_walk_br2_1(141),2.652,2.301,6.375,5.789,6.477,5.764,1
/input_walk_br2_1(142),2.49,2.325,6.641,5.887,6.752,5.654,1
/input_walk_br2_1(143),3.534,2.941,7.075,6.217,7.209,6.11,1
/input_walk_br2_1(144),3.619,3.236,6.777,5.916,6.793,5.666,1
/input_walk_br2_1(145),3.568,3.249,6.488,5.251,6.435,5.889,1
/input_walk_br2_1(146),3.222,3.114,6.499,4.94,6.397,5.57,1
/input_walk_br2_1(147),2.932,2.68,5.09,4.273,4.889,4.486,1
/input_walk_br2_1(148),2.833,2.427,5.159,4.384,4.882,4.48,1
/input_walk_br2_1(149),2.865,2.196,6.281,5.75,6.138,5.41,1
/input_walk_br2_1(150),2.168,1.93,6.048,5.591,5.917,5.528,1
/input_walk_br2_1(151),2.45,2.122,6.668,5.594,6.507,5.666,1
/input_walk_br2_1(152),2.666,2.245,6.978,5.473,6.94,5.617,1
/input_walk_br2_1(153),2.411,2.217,6.36,5.43,6.182,5.509,1
/input_walk_br2_1(154),3.282,2.767,6.448,5.852,6.583,5.848,1
/input_walk_br2_1(155),3.089,2.931,6.239,5.719,6.165,5.73,1
/input_walk_br2_1(156),3.617,2.923,6.125,5.148,6.509,5.22,1
/input_walk_br2_1(157),3.553,2.751,5.509,4.962,6.054,5.071,1
/input_walk_br2_1(158),3.043,2.611,4.536,4.446,4.869,4.552,1
/input_walk_br2_1(159),2.814,2.57,4.887,4.294,4.933,4.325,1
/input_walk_br2_1(160),2.681,2.107,5.986,5.521,5.933,5.261,1
/input_walk_br2_1(161),1.94,1.802,6.358,5.762,6.307,5.531,1
/input_walk_br2_1(162),2.428,2.234,6.684,6.153,6.556,6.11,1
/input_walk_br2_1(163),2.477,2.321,6.349,6.103,6.26,5.994,1
/input_walk_br2_1(164),2.59,2.149,6.603,5.5,6.388,5.292,1
/input_walk_br2_1(165),3.41,2.994,6.468,5.98,6.456,5.959,1
/input_walk_br2_1(166),3.43,2.997,6.31,5.378,6.207,5.254,1
/input_walk_br2_1(167),3.669,3.234,6.336,5.228,6.515,5.402,1
/input_walk_br2_1(168),3.796,2.989,5.74,5.467,6.163,5.422,1
/input_walk_br2_1(169),3.393,2.668,4.656,4.466,5.126,4.449,1
/input_walk_br2_1(170),2.651,2.418,5.001,4.295,4.768,4.386,1
/input_walk_br2_1(171),2.288,2.128,5.803,5.53,5.665,5.368,1
/input_walk_br2_1(172),2.035,1.938,6.402,5.617,6.18,5.474,1
/input_walk_br2_1(173),2.75,2.297,7.319,5.971,7.03,5.947,1
/input_walk_br2_1(174),2.645,2.34,6.653,5.714,6.658,5.476,1
/input_walk_br2_1(175),2.574,2.09,6.075,5.736,5.908,5.608,1
/input_walk_hall_2(0),1.856,1.642,6.986,6.147,6.937,6.012,1
/input_walk_hall_2(1),2.123,1.838,7.082,6.055,7.091,6.034,1
/input_walk_hall_2(2),2.075,1.839,7.047,6.002,7.108,5.992,1
/input_walk_hall_2(3),2.217,2.163,6.907,6.228,6.718,6.11,1
/input_walk_hall_2(4),2.718,2.556,6.358,5.967,6.145,5.87,1
/input_walk_hall_2(5),3.078,2.916,5.001,4.612,5.091,4.685,1
/input_walk_hall_2(6),3.28,3.159,3.708,3.309,4.41,4.099,1
/input_walk_hall_2(7),3.739,3.485,5.123,4.465,6.191,5.12,1
/input_walk_hall_2(8),3.449,3.139,6.293,5.751,6.901,5.849,1
/input_walk_hall_2(9),1.903,1.683,6.778,5.91,6.787,5.903,1
/input_walk_hall_2(10),2.46,2.149,6.486,6.145,6.652,6.294,1
/input_walk_hall_2(11),1.791,1.599,6.354,5.993,6.499,5.962,1
/input_walk_hall_2(12),2.072,1.72,6.449,5.517,6.669,5.449,1
/input_walk_hall_2(13),2.212,2.087,6.462,5.27,6.741,5.25,1
/input_walk_hall_2(14),2.461,2.366,6.144,5.992,6.232,6.031,1
/input_walk_hall_2(15),2.829,2.354,6.135,5.831,5.92,5.858,1
/input_walk_hall_2(16),3.146,2.671,4.784,4.5,5.044,4.604,1
/input_walk_hall_2(17),3.208,2.843,3.697,3.147,4.815,3.969,1
/input_walk_hall_2(18),3.815,3.542,4.736,4.639,6.111,5.82,1
/input_walk_hall_2(19),3.742,3.184,6.002,5.549,6.681,5.937,1
/input_walk_hall_2(20),1.934,1.779,6.456,6.103,6.528,5.974,1
/input_walk_hall_2(21),2.347,1.963,6.639,6.101,7.032,6.071,1
/input_walk_hall_2(22),1.649,1.553,6.657,6.227,6.814,6.153,1
/input_walk_hall_2(23),1.851,1.645,6.82,5.89,6.817,5.775,1
/input_walk_hall_2(24),2.074,1.76,6.913,5.937,6.933,5.917,1
/input_walk_hall_2(25),2.286,1.925,7.063,6.228,7.2,6.045,1
/input_walk_hall_2(26),2.918,2.416,6.303,5.978,6.16,5.886,1
/input_walk_hall_2(27),3.103,2.761,4.758,4.249,4.943,4.438,1
/input_walk_hall_2(28),3.092,2.945,3.756,3.211,4.755,3.974,1
/input_walk_hall_2(29),3.891,3.228,5.066,4.598,6.248,5.859,1
/input_walk_hall_2(30),3.694,2.881,6.303,6.135,6.804,6.62,1
/input_walk_hall_2(31),2.046,1.789,6.953,5.779,6.821,5.903,1
/input_walk_hall_2(32),2.434,2.139,6.577,5.858,6.399,6.155,1
/input_walk_hall_2(33),1.797,1.622,6.569,5.98,6.475,6.07,1
/input_walk_hall_2(34),1.839,1.605,6.922,5.726,6.9,5.81,1
/input_walk_hall_2(35),1.907,1.779,6.887,5.917,6.986,6.05,1
/input_walk_hall_2(36),2.228,2.135,6.474,6.151,6.572,6.17,1
/input_walk_hall_2(37),2.483,2.381,5.725,5.453,5.746,5.265,1
/input_walk_hall_2(38),3.183,2.774,4.421,4.223,4.629,4.255,1
/input_walk_hall_2(39),3.667,2.961,3.944,3.253,4.537,4.32,1
/input_walk_hall_2(40),4.002,3.566,5.614,4.328,6.543,5.614,1
/input_walk_hall_2(41),3.665,3.42,6.737,5.679,7.228,6.116,1
/input_walk_hall_2(42),1.999,1.82,6.833,6.107,6.72,5.987,1
/input_walk_hall_2(43),2.246,2.012,7.008,5.71,6.923,5.819,1
/input_walk_hall_2(44),1.67,1.607,6.75,6.15,6.791,6.033,1
/input_walk_hall_2(45),1.781,1.584,6.556,6.058,6.494,5.945,1
/input_walk_hall_2(46),2.187,1.962,7.016,5.754,7.07,5.843,1
/input_walk_hall_2(47),2.571,2.226,6.891,6.135,7.105,6.201,1
/input_walk_hall_2(48),2.918,2.396,6.461,5.757,6.864,5.799,1
/input_walk_hall_2(49),3.307,2.664,4.667,4.448,5.234,4.458,1
/input_walk_hall_2(50),3.265,2.849,3.908,2.974,4.301,4.063,1
/input_walk_hall_2(51),3.522,3.376,5.69,3.944,6.663,5.135,1
/input_walk_hall_2(52),3.284,3.16,6.639,5.375,7.082,5.757,1
/input_walk_hall_2(53),1.914,1.816,6.437,6.09,6.493,6.162,1
/input_walk_hall_2(54),2.385,2.136,6.446,5.736,6.612,5.988,1
/input_walk_hall_2(55),1.702,1.656,7.085,5.402,7.028,5.454,1
/input_walk_hall_2(56),1.928,1.736,6.38,5.747,6.333,5.696,1
/input_walk_hall_2(57),2.286,1.932,6.087,5.997,6.255,6.049,1
/input_walk_hall_2(58),2.589,2.324,6.685,5.963,6.556,6.034,1
/input_walk_hall_2(59),2.844,2.679,6.905,5.351,6.757,5.277,1
/input_walk_hall_2(60),3.171,3.003,5.042,4.119,5.188,4.265,1
/input_walk_hall_2(61),3.286,3.044,3.778,3.311,4.623,4.182,1
/input_walk_hall_2(62),4.066,3.41,5.5,4.891,6.606,6.128,1
/input_walk_hall_2(63),4.034,3.099,6.454,5.508,6.847,6.213,1
/input_walk_hall_2(64),2.0,1.807,6.41,5.614,6.526,5.747,1
/input_walk_hall_2(65),2.247,2.169,6.51,6.111,6.715,6.329,1
/input_walk_hall_2(66),1.861,1.711,6.864,5.798,6.944,5.795,1
/input_walk_hall_2(67),1.838,1.697,6.724,6.325,6.79,6.281,1
/input_walk_hall_2(68),2.008,1.776,6.62,6.38,6.74,6.504,1
/input_walk_hall_2(69),2.475,2.056,6.599,5.959,6.651,5.97,1
/input_walk_hall_2(70),3.24,2.433,6.847,5.418,6.727,5.473,1
/input_walk_hall_2(71),3.292,3.002,5.442,4.254,5.3,4.753,1
/input_walk_hall_2(72),3.398,2.998,3.661,3.187,4.508,3.763,1
/input_walk_hall_2(73),3.628,3.465,5.293,4.261,6.094,5.211,1
/input_walk_hall_2(74),3.497,2.916,6.287,5.512,6.541,5.775,1
/input_walk_hall_2(75),1.854,1.728,6.403,5.761,6.582,5.813,1
/input_walk_hall_2(76),2.159,2.056,6.718,5.656,6.806,5.859,1
/input_walk_hall_2(77),1.825,1.692,6.731,6.009,6.817,6.013,1
/input_walk_hall_2(78),1.822,1.801,6.703,5.807,6.613,5.792,1
/input_walk_hall_2(79),2.347,2.018,6.884,5.207,6.707,5.367,1
/input_walk_hall_2(80),2.531,2.258,7.046,5.787,6.762,5.92,1
/input_walk_hall_2(81),2.856,2.487,6.391,5.886,6.239,5.802,1
/input_walk_hall_2(82),3.33,2.717,4.822,4.225,5.05,4.279,1
/input_walk_hall_2(83),3.358,2.941,3.808,3.271,4.87,3.869,1
/input_walk_hall_2(84),4.103,3.239,5.332,4.725,6.845,5.754,1
/input_walk_hall_2(85),3.985,2.788,6.479,5.763,6.747,6.318,1
/input_walk_hall_2(86),2.023,1.945,6.865,5.781,6.898,5.621,1
/input_walk_hall_2(87),2.807,2.259,7.209,5.729,7.524,5.843,1
/input_walk_hall_2(88),1.775,1.624,6.696,6.26,6.893,6.096,1
/input_walk_hall_2(89),1.923,1.732,6.533,5.781,6.631,5.742,1
/input_walk_hall_2(90),2.115,1.764,6.552,5.565,6.62,5.892,1
/input_walk_hall_2(91),2.306,2.109,6.718,5.663,6.765,5.937,1
/input_walk_hall_2(92),2.73,2.432,6.369,5.507,6.229,5.385,1
/input_walk_hall_2(93),3.069,2.665,4.857,4.233,5.113,4.146,1
/input_walk_hall_2(94),3.247,2.907,3.595,3.387,4.618,4.276,1
/input_walk_hall_2(95),4.069,3.327,5.459,4.652,6.542,5.831,1
/input_walk_hall_2(96),3.664,3.068,6.586,5.438,6.941,5.983,1
/input_walk_hall_2(97),2.109,1.705,6.706,5.539,6.542,5.646,1
/input_walk_hall_2(98),2.365,1.994,6.658,6.294,6.625,6.401,1
/input_walk_hall_2(99),1.846,1.665,6.479,5.846,6.457,5.879,1
/input_walk_hall_2(100),1.767,1.723,6.41,5.985,6.65,5.928,1
/input_walk_hall_2(101),1.95,1.789,6.701,5.49,7.058,5.59,1
/input_walk_hall_2(102),2.285,1.99,6.677,5.617,6.978,5.542,1
/input_walk_hall_2(103),2.717,2.484,6.0,5.524,6.075,5.425,1
/input_walk_hall_2(104),3.162,2.867,4.979,4.248,4.977,4.315,1
/input_walk_hall_2(105),3.466,2.956,3.91,3.251,4.783,4.009,1
/input_walk_hall_2(106),3.756,3.292,4.963,4.298,6.248,5.219,1
/input_walk_hall_2(107),3.409,2.84,6.08,5.494,6.59,5.774,1
/input_walk_hall_2(108),2.002,1.774,6.5,5.877,6.561,5.918,1
/input_walk_hall_2(109),2.238,2.195,6.532,6.178,6.637,6.214,1
/input_walk_hall_2(110),1.845,1.72,7.604,5.793,7.552,5.819,1
/input_walk_hall_2(111),1.948,1.725,7.277,5.76,7.276,5.63,1
/input_walk_hall_2(112),2.174,1.956,6.863,5.528,6.886,5.515,1
/input_walk_hall_2(113),2.269,1.994,6.577,5.806,6.528,5.926,1
/input_walk_hall_2(114),2.787,2.715,6.415,5.832,6.169,5.977,1
/input_walk_hall_2(115),3.035,2.955,5.007,4.455,5.11,4.633,1
/input_walk_hall_2(116),3.331,2.875,3.692,3.511,4.687,4.397,1
/input_walk_hall_2(117),3.858,3.757,4.974,4.739,6.176,5.947,1
/input_walk_hall_2(118),3.629,3.262,6.506,5.647,7.116,6.029,1
/input_walk_hall_2(119),1.9,1.823,6.753,6.239,6.72,6.24,1
/input_walk_hall_2(120),2.349,2.159,6.996,5.869,7.02,5.939,1
/input_walk_hall_2(121),1.765,1.676,7.02,5.839,7.198,5.767,1
/input_walk_hall_2(122),1.969,1.884,7.31,5.42,7.367,5.395,1
/input_walk_hall_2(123),2.337,1.938,6.733,5.511,6.755,5.626,1
/input_walk_hall_2(124),2.32,2.185,6.362,5.426,6.279,5.481,1
/input_walk_hall_2(125),2.836,2.637,6.542,4.976,6.382,5.009,1
/input_walk_hall_2(126),3.162,2.914,5.146,4.227,5.073,4.648,1
/input_walk_hall_2(127),3.35,2.994,4.024,3.144,5.036,4.266,1
/input_walk_hall_2(128),3.924,3.22,5.215,5.036,6.538,5.982,1
/input_walk_hall_2(129),3.615,2.698,6.453,5.886,6.603,6.552,1
/input_walk_hall_2(130),1.953,1.796,6.643,5.933,6.766,5.758,1
/input_walk_hall_2(131),2.594,2.102,6.645,6.267,6.833,6.209,1
/input_walk_hall_2(132),1.944,1.687,6.849,6.274,6.986,6.174,1
/input_walk_hall_2(133),1.981,1.748,6.683,6.123,6.693,6.203,1
/input_walk_hall_2(134),2.165,1.757,6.606,6.186,6.939,6.171,1
/input_walk_hall_2(135),2.376,2.034,6.602,6.131,6.797,6.192,1
/input_walk_hall_2(136),2.784,2.414,6.231,5.947,6.346,5.793,1
/input_walk_hall_2(137),3.0,2.54,4.941,4.381,5.197,4.377,1
/input_walk_hall_2(138),3.143,2.702,3.692,3.133,4.152,3.903,1
/input_walk_hall_2(139),3.777,3.276,4.976,4.889,6.151,5.829,1
/input_walk_hall_2(140),3.337,3.173,6.89,5.376,7.085,6.19,1
/input_walk_hall_2(141),2.058,1.834,7.15,5.556,7.116,5.751,1
/input_walk_hall_2(142),2.509,2.102,6.669,6.012,6.773,6.082,1
/input_walk_hall_2(143),1.853,1.658,6.725,6.122,6.715,6.109,1
/input_walk_hall_2(144),1.914,1.625,6.167,5.963,6.364,5.848,1
/input_walk_hall_2(145),2.106,1.85,6.266,5.995,6.407,6.243,1
/input_walk_hall_2(146),2.39,2.126,6.644,6.35,7.022,6.083,1
/input_walk_hall_2(147),2.764,2.414,6.43,5.054,6.404,4.916,1
/input_walk_hall_2(148),3.114,2.722,4.662,4.194,4.841,4.408,1
/input_walk_hall_2(149),3.453,2.952,3.826,3.234,4.764,4.328,1
/input_walk_hall_2(150),3.74,3.463,5.01,4.725,5.994,5.581,1
/input_walk_hall_2(151),3.344,3.105,5.821,5.586,6.257,5.931,1
/input_walk_hall_2(152),2.001,1.78,6.444,5.838,6.453,5.727,1
/input_walk_hall_2(153),2.213,2.084,6.796,5.969,6.951,5.817,1
/input_walk_hall_2(154),1.756,1.714,6.778,5.958,6.81,5.961,1
/input_walk_hall_2(155),1.942,1.781,6.4,6.133,6.546,6.159,1
/input_walk_hall_2(156),2.085,2.015,6.602,6.055,6.738,6.006,1
/input_walk_hall_2(157),2.196,2.026,6.642,5.69,6.625,5.7,1
/input_walk_hall_2(158),2.755,2.583,6.705,5.203,6.767,4.959,1
/input_walk_hall_2(159),3.022,2.87,4.751,4.644,4.938,4.759,1
/input_walk_hall_2(160),3.31,3.14,3.877,3.222,4.619,4.061,1
/input_walk_hall_2(161),4.185,3.362,5.273,4.2,6.296,5.338,1
/input_walk_hall_2(162),3.874,3.186,6.447,5.7,7.175,6.041,1
/input_walk_hall_2(163),1.957,1.803,6.755,6.148,6.976,5.942,1
/input_walk_hall_2(164),2.474,2.207,6.651,5.938,6.887,6.047,1
/input_walk_hall_2(165),1.956,1.69,6.621,5.674,6.501,5.834,1
/input_walk_hall_2(166),1.978,1.766,6.672,5.387,6.661,5.511,1
/input_walk_hall_2(167),2.157,2.075,6.885,5.584,7.211,5.58,1
/input_walk_hall_2(168),2.272,2.136,7.02,6.036,7.076,6.119,1
/input_walk_hall_2(169),2.837,2.645,6.985,5.884,6.718,5.92,1
/input_walk_hall_2(170),3.213,2.846,5.082,4.69,5.247,4.697,1
/input_walk_hall_2(171),3.627,2.892,3.771,3.379,4.943,4.468,1
/input_walk_hall_2(172),3.845,3.083,5.065,4.65,6.042,5.696,1
/input_walk_hall_2(173),3.443,2.745,5.893,5.745,6.219,5.851,1
/input_walk_hall_2(174),2.12,1.774,6.28,5.826,6.155,6.046,1
/input_walk_hall_2(175),2.295,2.046,6.693,5.911,6.73,5.924,1
/input_walk_br2_2(0),3.722,3.398,5.787,5.509,7.012,6.356,1
/input_walk_br2_2(1),3.936,3.454,5.735,5.161,6.579,5.968,1
/input_walk_br2_2(2),3.301,2.627,6.133,5.801,6.035,5.761,1
/input_walk_br2_2(3),2.253,2.001,6.736,5.873,6.652,5.796,1
/input_walk_br2_2(4),2.292,1.979,6.736,6.038,6.505,5.888,1
/input_walk_br2_2(5),2.033,1.994,6.905,6.471,6.655,6.274,1
/input_walk_br2_2(6),2.469,2.201,6.779,6.192,6.902,6.009,1
/input_walk_br2_2(7),2.692,2.366,6.51,5.891,6.578,5.69,1
/input_walk_br2_2(8),2.371,2.258,6.738,5.962,6.508,5.81,1
/input_walk_br2_2(9),2.242,1.805,6.323,5.581,6.223,5.324,1
/input_walk_br2_2(10),2.614,2.23,5.766,5.552,5.453,5.419,1
/input_walk_br2_2(11),3.714,3.536,5.704,5.507,6.904,6.483,1
/input_walk_br2_2(12),3.926,3.742,6.256,5.06,7.225,5.822,1
/input_walk_br2_2(13),3.504,2.988,6.865,5.536,6.849,5.138,1
/input_walk_br2_2(14),2.461,1.936,7.372,6.554,7.249,6.29,1
/input_walk_br2_2(15),2.509,2.007,7.545,6.459,7.149,6.617,1
/input_walk_br2_2(16),2.241,2.016,6.987,6.183,6.576,6.314,1
/input_walk_br2_2(17),2.779,2.255,7.071,5.482,6.806,5.808,1
/input_walk_br2_2(18),2.839,2.606,6.267,5.503,6.236,5.65,1
/input_walk_br2_2(19),2.666,2.253,6.295,5.367,6.145,5.374,1
/input_walk_br2_2(20),2.179,1.931,5.921,5.413,5.723,5.328,1
/input_walk_br2_2(21),2.858,2.262,5.757,5.062,5.385,5.107,1
/input_walk_br2_2(22),3.891,3.086,5.82,4.885,6.975,5.791,1
/input_walk_br2_2(23),3.973,3.576,5.861,5.502,6.785,5.954,1
/input_walk_br2_2(24),3.463,2.773,6.589,5.634,6.349,5.537,1
/input_walk_br2_2(25),2.331,2.139,7.052,6.113,6.784,6.189,1
/input_walk_br2_2(26),2.295,2.008,6.974,6.163,6.666,6.185,1
/input_walk_br2_2(27),2.361,2.019,7.239,6.203,7.005,5.964,1
/input_walk_br2_2(28),2.703,2.407,6.982,6.169,6.869,6.243,1
/input_walk_br2_2(29),2.742,2.499,6.269,5.485,6.244,5.778,1
/input_walk_br2_2(30),2.422,2.109,6.16,5.574,6.174,5.474,1
/input_walk_br2_2(31),1.998,1.848,6.087,5.679,5.93,5.536,1
/input_walk_br2_2(32),2.758,2.304,5.78,5.131,5.424,5.152,1
/input_walk_br2_2(33),3.681,3.503,5.857,5.36,6.767,6.277,1
/input_walk_br2_2(34),4.179,3.642,6.327,5.109,6.69,5.996,1
/input_walk_br2_2(35),3.521,2.973,6.209,5.768,5.985,5.625,1
/input_walk_br2_2(36),2.368,2.148,7.057,5.999,6.86,5.899,1
/input_walk_br2_2(37),2.098,2.019,6.797,6.087,6.521,6.065,1
/input_walk_br2_2(38),2.134,1.782,6.56,5.975,6.219,5.892,1
/input_walk_br2_2(39),2.82,2.362,6.657,6.319,6.576,6.34,1
/input_walk_br2_2(40),3.082,2.546,6.562,5.972,6.509,6.14,1
/input_walk_br2_2(41),2.437,2.163,6.404,5.814,6.543,5.661,1
/input_walk_br2_2(42),1.994,1.877,6.396,5.536,6.295,5.461,1
/input_walk_br2_2(43),2.595,2.314,6.212,4.946,5.916,4.721,1
/input_walk_br2_2(44),3.829,3.268,6.073,5.353,6.938,6.202,1
/input_walk_br2_2(45),3.842,3.594,5.68,5.373,6.36,5.896,1
/input_walk_br2_2(46),3.282,2.97,6.193,5.419,5.965,5.283,1
/input_walk_br2_2(47),2.244,2.085,6.582,6.036,6.453,5.867,1
/input_walk_br2_2(48),2.196,2.153,6.698,6.167,6.649,5.889,1
/input_walk_br2_2(49),2.083,1.994,6.862,6.258,6.615,6.023,1
/input_walk_br2_2(50),2.458,2.248,6.79,6.082,6.582,5.876,1
/input_walk_br2_2(51),2.687,2.382,6.493,5.421,6.316,5.47,1
/input_walk_br2_2(52),2.28,2.154,6.482,5.418,6.346,5.284,1
/input_walk_br2_2(53),2.094,1.989,5.998,5.387,5.91,5.41,1
/input_walk_br2_2(54),2.669,2.395,5.813,4.995,5.73,4.912,1
/input_walk_br2_2(55),3.609,3.489,5.639,5.187,6.82,6.036,1
/input_walk_br2_2(56),3.797,3.703,5.649,5.352,6.48,5.903,1
/input_walk_br2_2(57),3.272,3.098,6.167,5.918,6.329,5.683,1
/input_walk_br2_2(58),2.79,1.975,7.171,5.907,7.294,5.854,1
/input_walk_br2_2(59),2.428,2.066,7.176,5.821,7.17,5.704,1
/input_walk_br2_2(60),2.142,2.038,7.401,5.937,7.059,5.928,1
/input_walk_br2_2(61),2.832,2.341,6.957,6.208,6.743,6.445,1
/input_walk_br2_2(62),2.672,2.529,6.287,5.619,6.302,5.725,1
/input_walk_br2_2(63),2.258,2.163,6.5,5.858,6.378,5.965,1
/input_walk_br2_2(64),2.077,2.044,6.192,5.578,6.259,5.41,1
/input_walk_br2_2(65),2.628,2.23,5.626,5.334,5.477,4.95,1
/input_walk_br2_2(66),3.528,3.422,5.909,5.507,6.977,6.272,1
/input_walk_br2_2(67),3.919,3.687,6.342,5.42,7.049,5.964,1
/input_walk_br2_2(68),3.282,3.107,6.293,5.563,6.215,5.38,1
/input_walk_br2_2(69),2.44,2.022,6.457,6.042,6.329,5.864,1
/input_walk_br2_2(70),2.465,2.087,6.713,6.483,6.517,6.319,1
/input_walk_br2_2(71),2.302,1.96,7.245,6.193,6.934,6.129,1
/input_walk_br2_2(72),2.841,2.322,7.334,5.667,7.138,5.756,1
/input_walk_br2_2(73),2.925,2.452,6.702,5.605,6.629,5.811,1
/input_walk_br2_2(74),2.623,2.13,6.718,6.018,6.897,5.936,1
/input_walk_br2_2(75),2.068,1.827,6.145,5.876,5.94,5.844,1
/input_walk_br2_2(76),2.729,2.401,5.983,5.184,5.613,4.993,1
/input_walk_br2_2(77),3.81,3.586,5.97,5.189,6.968,6.29,1
/input_walk_br2_2(78),4.353,3.601,6.131,5.274,6.512,6.051,1
/input_walk_br2_2(79),3.608,2.742,6.06,5.761,5.855,5.693,1
/input_walk_br2_2(80),2.268,2.214,6.518,6.19,6.605,6.378,1
/input_walk_br2_2(81),2.339,2.153,6.772,6.089,6.841,5.992,1
/input_walk_br2_2(82),2.126,1.978,6.882,6.444,6.772,6.158,1
/input_walk_br2_2(83),2.764,2.129,6.989,6.3,6.751,6.644,1
/input_walk_br2_2(84),2.937,2.611,6.844,6.144,6.682,6.362,1
/input_walk_br2_2(85),2.671,2.346,6.885,6.378,6.879,6.101,1
/input_walk_br2_2(86),1.907,1.831,6.484,5.817,6.428,5.716,1
/input_walk_br2_2(87),2.7,2.288,5.963,5.577,5.695,5.411,1
/input_walk_br2_2(88),3.705,3.018,6.246,5.203,6.955,6.401,1
/input_walk_br2_2(89),4.085,3.757,6.476,4.965,6.974,5.954,1
/input_walk_br2_2(90),3.62,3.347,6.436,5.178,6.462,5.279,1
/input_walk_br2_2(91),2.278,2.151,6.427,5.99,6.521,6.025,1
/input_walk_br2_2(92),2.339,2.107,6.841,6.542,6.94,6.522,1
/input_walk_br2_2(93),2.216,2.003,7.692,6.246,7.491,6.205,1
/input_walk_br2_2(94),2.682,2.412,6.992,5.796,6.947,5.686,1
/input_walk_br2_2(95),2.933,2.852,6.197,5.732,6.143,5.945,1
/input_walk_br2_2(96),2.54,2.327,6.633,5.601,6.75,5.691,1
/input_walk_br2_2(97),1.861,1.704,6.274,5.239,6.034,5.291,1
/input_walk_br2_2(98),2.569,2.326,5.768,5.614,5.559,5.175,1
/input_walk_br2_2(99),3.527,3.089,5.686,5.499,6.623,6.345,1
/input_walk_br2_2(100),3.876,3.554,5.966,5.118,6.514,5.837,1
/input_walk_br2_2(101),3.55,3.212,6.388,5.823,6.366,5.488,1
/input_walk_br2_2(102),2.604,2.241,7.103,5.811,7.096,5.704,1
/input_walk_br2_2(103),2.476,2.134,6.944,6.134,6.879,6.131,1
/input_walk_br2_2(104),2.205,2.01,6.693,6.57,6.492,6.395,1
/input_walk_br2_2(105),2.6,2.458,7.101,6.599,7.043,6.556,1
/input_walk_br2_2(106),2.999,2.601,6.956,5.69,6.993,5.777,1
/input_walk_br2_2(107),2.721,2.214,6.554,6.078,6.434,6.063,1
/input_walk_br2_2(108),1.976,1.833,6.48,5.958,6.368,5.952,1
/input_walk_br2_2(109),2.574,2.27,5.999,4.994,5.657,4.905,1
/input_walk_br2_2(110),3.734,3.417,5.859,5.136,6.634,6.028,1
/input_walk_br2_2(111),4.164,3.3,6.163,4.93,6.404,5.837,1
/input_walk_br2_2(112),3.538,2.529,6.378,5.442,6.227,5.443,1
/input_walk_br2_2(113),2.215,2.122,6.74,6.257,6.997,6.065,1
/input_walk_br2_2(114),2.364,1.962,6.744,6.42,7.045,6.191,1
/input_walk_br2_2(115),2.307,1.927,6.792,6.233,6.648,6.044,1
/input_walk_br2_2(116),2.613,2.263,6.644,5.949,6.551,6.103,1
/input_walk_br2_2(117),2.621,2.403,6.115,5.58,6.198,5.778,1
/input_walk_br2_2(118),2.397,2.081,6.44,5.627,6.322,5.622,1
/input_walk_br2_2(119),2.086,1.925,6.242,5.574,6.068,5.461,1
/input_walk_br2_2(120),2.611,2.15,5.688,5.437,5.426,5.099,1
/input_walk_br2_2(121),4.318,3.167,5.902,5.386,7.238,6.5,1
/input_walk_br2_2(122),4.113,3.318,6.001,4.86,6.551,5.823,1
/input_walk_br2_2(123),3.145,2.779,6.379,5.421,6.002,5.306,1
/input_walk_br2_2(124),2.693,2.205,6.822,6.028,6.745,5.967,1
/input_walk_br2_2(125),2.291,1.947,6.54,6.404,6.413,6.376,1
/input_walk_br2_2(126),2.222,1.828,6.931,6.158,6.694,6.096,1
/input_walk_br2_2(127),2.577,2.303,6.301,6.165,6.26,6.216,1
/input_walk_br2_2(128),2.765,2.533,6.32,5.861,6.328,5.93,1
/input_walk_br2_2(129),2.617,2.459,6.453,5.643,6.27,5.99,1
/input_walk_br2_2(130),2.213,1.827,6.087,5.212,5.935,5.215,1
/input_walk_br2_2(131),2.714,2.227,5.844,5.243,5.54,5.058,1
/input_walk_br2_2(132),3.716,3.464,5.708,5.395,6.652,6.295,1
/input_walk_br2_2(133),4.08,3.347,5.92,5.217,6.655,5.646,1
/input_walk_br2_2(134),3.477,2.633,6.263,5.337,6.157,5.02,1
/input_walk_br2_2(135),2.513,1.925,6.499,5.944,6.344,6.058,1
/input_walk_br2_2(136),2.183,1.904,6.704,6.301,6.61,6.338,1
/input_walk_br2_2(137),2.1,1.944,6.69,6.139,6.493,5.98,1
/input_walk_br2_2(138),2.604,2.318,6.647,6.055,6.366,6.088,1
/input_walk_br2_2(139),2.809,2.529,6.444,5.549,6.434,5.58,1
/input_walk_br2_2(140),2.559,2.285,6.183,5.768,6.265,5.521,1
/input_walk_br2_2(141),2.269,1.852,6.109,5.631,5.865,5.495,1
/input_walk_br2_2(142),2.558,2.249,6.224,5.392,6.026,5.128,1
/input_walk_br2_2(143),3.691,3.328,5.785,4.977,6.497,6.042,1
/input_walk_br2_2(144),3.954,3.498,5.912,5.255,6.279,5.962,1
/input_walk_br2_2(145),3.235,2.88,6.41,5.69,6.343,5.439,1
/input_walk_br2_2(146),2.589,2.144,6.919,6.23,6.882,5.832,1
/input_walk_br2_2(147),2.305,2.181,7.164,6.258,6.99,6.142,1
/input_walk_br2_2(148),2.387,1.959,6.561,6.353,6.408,6.242,1
/input_walk_br2_2(149),2.566,2.26,6.286,6.076,6.378,5.975,1
/input_walk_br2_2(150),2.822,2.276,6.06,5.604,6.276,5.432,1
/input_walk_br2_2(151),2.304,2.083,6.055,5.956,6.075,5.758,1
/input_walk_br2_2(152),2.01,1.922,6.645,5.516,6.719,5.186,1
/input_walk_br2_2(153),2.574,2.259,6.236,5.131,5.968,4.959,1
/input_walk_br2_2(154),3.692,2.978,6.13,4.947,7.663,5.358,1
/input_walk_br2_2(155),3.817,3.362,5.976,4.972,7.156,5.35,1
/input_walk_br2_2(156),3.352,2.639,6.287,5.649,5.942,5.67,1
/input_walk_br2_2(157),2.31,2.09,6.894,6.402,6.634,6.213,1
/input_walk_br2_2(158),2.271,2.051,7.051,5.885,6.843,5.788,1
/input_walk_br2_2(159),2.256,2.168,7.26,5.596,6.844,5.559,1
/input_walk_br2_2(160),2.469,2.153,6.731,6.134,6.813,5.936,1
/input_walk_br2_2(161),2.534,2.352,6.069,5.92,6.158,5.77,1
/input_walk_br2_2(162),2.585,2.052,6.515,5.67,6.316,5.476,1
/input_walk_br2_2(163),2.294,1.761,6.609,5.11,6.242,5.113,1
/input_walk_br2_2(164),2.638,2.287,5.792,5.099,5.525,4.819,1
/input_walk_br2_2(165),3.612,3.415,5.724,5.341,6.68,6.31,1
/input_walk_br2_2(166),3.992,3.37,5.617,5.442,6.493,5.959,1
/input_walk_br2_2(167),3.632,2.791,6.425,5.63,6.11,5.699,1
/input_walk_br2_2(168),2.573,1.969,6.601,5.614,6.441,5.677,1
/input_walk_br2_2(169),2.241,1.953,6.512,6.201,6.546,5.98,1
/input_walk_br2_2(170),2.197,1.956,6.528,6.392,6.478,6.168,1
/input_walk_br2_2(171),2.523,2.176,6.552,6.014,6.599,6.06,1
/input_walk_br2_2(172),2.744,2.585,6.198,6.07,6.463,6.091,1
/input_walk_br2_2(173),2.526,2.227,6.632,5.861,6.632,5.89,1
/input_walk_br2_2(174),2.031,1.779,6.715,5.303,6.454,5.481,1
/input_walk_br2_2(175),2.886,2.242,5.884,5.208,5.554,5.004,1
